{
  "version": "1.0",
  "policyName": "balanced-security-template",
  "policy_type": "both",
  "description": "Balanced security template providing all-around protection with moderate sensitivity. Combines PII detection, content moderation, and prompt injection defense with balanced false positive rates.",
  "severity": "High",
  "usage_notes": "This template provides balanced protection suitable for most use cases. Adjust individual rule severities based on your specific needs. Good starting point for general-purpose deployments.",
  "rules": [
    {
      "id": "BALANCED_PII_EMAIL_001",
      "name": "Email Address Detection",
      "description": "Detects email addresses",
      "category": "pii",
      "severity": "High",
      "patterns": [
        "[a-zA-Z0-9._%+-]+@[a-zA-Z0-9.-]+\\.[a-zA-Z]{2,}"
      ]
    },
    {
      "id": "BALANCED_PII_SSN_001",
      "name": "Social Security Number Detection",
      "description": "Detects US Social Security Numbers",
      "category": "pii",
      "severity": "Critical",
      "patterns": [
        "\\b\\d{3}-?\\d{2}-?\\d{4}\\b",
        "SSN\\s*[:=]\\s*\\d{3}-?\\d{2}-?\\d{4}"
      ]
    },
    {
      "id": "BALANCED_PII_CREDIT_CARD_001",
      "name": "Credit Card Detection",
      "description": "Detects credit card numbers",
      "category": "pii",
      "severity": "Critical",
      "patterns": [
        "\\b4[0-9]{12}(?:[0-9]{3})?\\b",
        "\\b5[1-5][0-9]{14}\\b"
      ]
    },
    {
      "id": "BALANCED_TOXICITY_THREATS_001",
      "name": "Threat Detection",
      "description": "Detects threats of violence",
      "category": "toxicity",
      "severity": "Critical",
      "patterns": [
        "\\b(i\\s+will\\s+k[\\*i]ll|i\\s+will\\s+hurt|i\\s+will\\s+harm)\\b",
        "\\b(you\\s+should\\s+die|you\\s+deserve\\s+to\\s+die)\\b"
      ]
    },
    {
      "id": "BALANCED_PROMPT_INJECTION_001",
      "name": "Prompt Injection Detection",
      "description": "Detects prompt injection attempts",
      "category": "prompt_injection",
      "severity": "Critical",
      "patterns": [
        "ignore\\s+(all\\s+)?previous\\s+(instructions?|prompts?)",
        "forget\\s+(all\\s+)?previous\\s+(instructions?|prompts?)",
        "new\\s+instructions?\\s*[:=]"
      ]
    },
    {
      "id": "BALANCED_PROMPT_JAILBREAK_001",
      "name": "Jailbreak Detection",
      "description": "Detects jailbreak techniques",
      "category": "prompt_injection",
      "severity": "Critical",
      "patterns": [
        "\\bDAN\\b",
        "developer\\s+mode",
        "bypass\\s+(all\\s+)?(safety|restrictions)"
      ]
    }
  ],
  "blockedPatterns": [],
  "riskThresholds": {
    "critical": 8,
    "high": 5,
    "medium": 3,
    "low": 1
  }
}

