{
  "version": "1.0",
  "policyName": "compliance-gdpr-template",
  "policy_type": "both",
  "description": "GDPR compliance-focused template for detecting and protecting EU personal data including names, addresses, national IDs, and other GDPR-protected information.",
  "severity": "High",
  "usage_notes": "This template focuses on GDPR-relevant PII. Combine with other templates for comprehensive protection. Ensure compliance with GDPR data processing requirements.",
  "rules": [
    {
      "id": "GDPR_EMAIL_001",
      "name": "Email Address Detection",
      "description": "Detects email addresses (GDPR personal data)",
      "category": "pii",
      "severity": "High",
      "patterns": [
        "[a-zA-Z0-9._%+-]+@[a-zA-Z0-9.-]+\\.[a-zA-Z]{2,}"
      ]
    },
    {
      "id": "GDPR_PHONE_001",
      "name": "Phone Number Detection",
      "description": "Detects phone numbers (GDPR personal data)",
      "category": "pii",
      "severity": "High",
      "patterns": [
        "\\b\\+[1-9]\\d{1,14}\\b",
        "\\b(\\+?1[-.]?)?\\(?([0-9]{3})\\)?[-.]?([0-9]{3})[-.]?([0-9]{4})\\b"
      ]
    },
    {
      "id": "GDPR_ADDRESS_001",
      "name": "Physical Address Detection",
      "description": "Detects physical addresses (GDPR personal data)",
      "category": "pii",
      "severity": "High",
      "patterns": [
        "\\b\\d+\\s+[A-Za-z0-9\\s]+(?:Street|St|Avenue|Ave|Road|Rd|Lane|Ln|Drive|Dr|Boulevard|Blvd|Way|Circle|Ct)\\b",
        "\\b[A-Z]{1,2}\\d{1,2}[A-Z]?\\s?\\d[A-Z]{2}\\b"
      ]
    },
    {
      "id": "GDPR_NATIONAL_ID_001",
      "name": "National ID Detection",
      "description": "Detects national identification numbers (GDPR personal data)",
      "category": "pii",
      "severity": "Critical",
      "patterns": [
        "\\b\\d{8,12}\\b",
        "national\\s+id\\s*[:=]\\s*\\d{8,12}",
        "passport\\s+number\\s*[:=]\\s*\\d{8,12}"
      ]
    },
    {
      "id": "GDPR_DOB_001",
      "name": "Date of Birth Detection",
      "description": "Detects dates of birth (GDPR personal data)",
      "category": "pii",
      "severity": "High",
      "patterns": [
        "\\b(0?[1-9]|1[0-2])[/-](0?[1-9]|[12][0-9]|3[01])[/-](19|20)\\d{2}\\b",
        "DOB\\s*[:=]\\s*(0?[1-9]|1[0-2])[/-](0?[1-9]|[12][0-9]|3[01])[/-](19|20)\\d{2}",
        "date\\s+of\\s+birth\\s*[:=]\\s*(0?[1-9]|1[0-2])[/-](0?[1-9]|[12][0-9]|3[01])[/-](19|20)\\d{2}"
      ]
    },
    {
      "id": "GDPR_IP_001",
      "name": "IP Address Detection",
      "description": "Detects IP addresses (GDPR personal data)",
      "category": "pii",
      "severity": "Medium",
      "patterns": [
        "\\b(?:(?:25[0-5]|2[0-4][0-9]|[01]?[0-9][0-9]?)\\.){3}(?:25[0-5]|2[0-4][0-9]|[01]?[0-9][0-9]?)\\b"
      ]
    }
  ],
  "blockedPatterns": [],
  "riskThresholds": {
    "critical": 8,
    "high": 5,
    "medium": 3,
    "low": 1
  }
}

