{
  "version": "1.0",
  "policyName": "compliance-hipaa-template",
  "policy_type": "both",
  "description": "HIPAA compliance-focused template for detecting Protected Health Information (PHI) including medical record numbers, health insurance IDs, and patient identifiers.",
  "severity": "High",
  "usage_notes": "This template focuses on HIPAA-relevant PHI. Ensure compliance with HIPAA data processing requirements. May need customization for specific healthcare systems.",
  "rules": [
    {
      "id": "HIPAA_MRN_001",
      "name": "Medical Record Number Detection",
      "description": "Detects medical record numbers (PHI)",
      "category": "pii",
      "severity": "Critical",
      "patterns": [
        "\\bMRN\\s*[:=]\\s*[A-Z0-9]{6,12}\\b",
        "medical\\s+record\\s+number\\s*[:=]\\s*[A-Z0-9]{6,12}",
        "patient\\s+id\\s*[:=]\\s*[A-Z0-9]{6,12}"
      ]
    },
    {
      "id": "HIPAA_SSN_001",
      "name": "Social Security Number Detection",
      "description": "Detects SSNs (PHI)",
      "category": "pii",
      "severity": "Critical",
      "patterns": [
        "\\b\\d{3}-?\\d{2}-?\\d{4}\\b",
        "SSN\\s*[:=]\\s*\\d{3}-?\\d{2}-?\\d{4}"
      ]
    },
    {
      "id": "HIPAA_INSURANCE_001",
      "name": "Health Insurance ID Detection",
      "description": "Detects health insurance identification numbers (PHI)",
      "category": "pii",
      "severity": "Critical",
      "patterns": [
        "\\b[A-Z]{1,2}\\d{6,12}\\b",
        "insurance\\s+id\\s*[:=]\\s*[A-Z0-9]{6,12}",
        "member\\s+id\\s*[:=]\\s*[A-Z0-9]{6,12}",
        "policy\\s+number\\s*[:=]\\s*[A-Z0-9]{6,12}"
      ]
    },
    {
      "id": "HIPAA_DOB_001",
      "name": "Date of Birth Detection",
      "description": "Detects dates of birth (PHI)",
      "category": "pii",
      "severity": "High",
      "patterns": [
        "\\b(0?[1-9]|1[0-2])[/-](0?[1-9]|[12][0-9]|3[01])[/-](19|20)\\d{2}\\b",
        "DOB\\s*[:=]\\s*(0?[1-9]|1[0-2])[/-](0?[1-9]|[12][0-9]|3[01])[/-](19|20)\\d{2}"
      ]
    },
    {
      "id": "HIPAA_DIAGNOSIS_001",
      "name": "Diagnosis Code Detection",
      "description": "Detects ICD-10 and other diagnosis codes (may indicate PHI)",
      "category": "pii",
      "severity": "Medium",
      "patterns": [
        "\\b[A-Z]\\d{2}\\.?\\d{0,4}\\b",
        "ICD[\\s-]?10\\s*[:=]\\s*[A-Z]\\d{2}\\.?\\d{0,4}",
        "diagnosis\\s+code\\s*[:=]\\s*[A-Z]\\d{2}\\.?\\d{0,4}"
      ]
    }
  ],
  "blockedPatterns": [],
  "riskThresholds": {
    "critical": 8,
    "high": 5,
    "medium": 3,
    "low": 1
  }
}

