{
  "version": "1.0",
  "policyName": "content-moderation-template",
  "policy_type": "both",
  "description": "Content moderation template for detecting toxicity, hate speech, threats, harassment, and NSFW content. Configurable sensitivity levels.",
  "severity": "High",
  "usage_notes": "Adjust sensitivity levels based on your organization's content moderation needs. Higher sensitivity may increase false positives.",
  "rules": [
    {
      "id": "TOXICITY_PROFANITY_001",
      "name": "Profanity Detection",
      "description": "Detects common profanity and offensive language",
      "category": "toxicity",
      "severity": "Medium",
      "patterns": [
        "\\b(fuck|shit|damn|hell|ass|bitch|bastard|crap|piss)\\w*\\b",
        "\\b(f\\*ck|s\\*it|d\\*mn|h\\*ll|a\\*s|b\\*tch)\\w*\\b"
      ]
    },
    {
      "id": "TOXICITY_HATE_SPEECH_001",
      "name": "Hate Speech Detection",
      "description": "Detects hate speech and discriminatory language",
      "category": "toxicity",
      "severity": "Critical",
      "patterns": [
        "\\b(white\\s+power|white\\s+supremacy|race\\s+war)\\b",
        "\\b(\\w+\\s+are\\s+inferior|\\w+\\s+should\\s+die)\\b"
      ]
    },
    {
      "id": "TOXICITY_THREATS_001",
      "name": "Threat Detection",
      "description": "Detects threats of violence and harm",
      "category": "toxicity",
      "severity": "Critical",
      "patterns": [
        "\\b(i\\s+will\\s+k[\\*i]ll|i\\s+will\\s+hurt|i\\s+will\\s+harm|i\\s+will\\s+attack)\\b",
        "\\b(you\\s+should\\s+die|you\\s+deserve\\s+to\\s+die|i\\s+hope\\s+you\\s+die)\\b",
        "\\b(bomb|explosive|shoot|stab|murder|assassinate)\\s+(you|them|him|her|it)\\b"
      ]
    },
    {
      "id": "TOXICITY_HARASSMENT_001",
      "name": "Harassment Detection",
      "description": "Detects bullying and harassment patterns",
      "category": "toxicity",
      "severity": "High",
      "patterns": [
        "\\b(you\\s+are\\s+ugly|you\\s+are\\s+stupid|you\\s+are\\s+worthless|you\\s+are\\s+pathetic)\\b",
        "\\b(no\\s+one\\s+loves\\s+you|everyone\\s+hates\\s+you|you\\s+have\\s+no\\s+friends)\\b",
        "\\b(kill\\s+yourself|kys|go\\s+die|you\\s+should\\s+end\\s+it)\\b"
      ]
    },
    {
      "id": "TOXICITY_SELF_HARM_001",
      "name": "Self-Harm Detection",
      "description": "Detects self-harm and suicide references",
      "category": "toxicity",
      "severity": "Critical",
      "patterns": [
        "\\b(i\\s+want\\s+to\\s+die|i\\s+want\\s+to\\s+kill\\s+myself|i\\s+should\\s+end\\s+it)\\b",
        "\\b(suicide|kill\\s+myself|end\\s+my\\s+life|cut\\s+myself)\\b"
      ]
    }
  ],
  "blockedPatterns": [],
  "riskThresholds": {
    "critical": 8,
    "high": 5,
    "medium": 3,
    "low": 1
  }
}

