{
  "version": "1.0",
  "policyName": "pii-protection-template",
  "policy_type": "both",
  "description": "Comprehensive PII (Personally Identifiable Information) protection template. Detects emails, phone numbers, SSNs, credit cards, IP addresses, API keys, and other sensitive data.",
  "severity": "High",
  "usage_notes": "This template provides comprehensive PII detection. Customize sensitivity levels and add organization-specific patterns as needed.",
  "rules": [
    {
      "id": "PII_EMAIL_001",
      "name": "Email Address Detection",
      "description": "Detects email addresses in various formats",
      "category": "pii",
      "severity": "High",
      "patterns": [
        "[a-zA-Z0-9._%+-]+@[a-zA-Z0-9.-]+\\.[a-zA-Z]{2,}",
        "[a-zA-Z0-9._%+-]+\\s*@\\s*[a-zA-Z0-9.-]+\\s*\\.\\s*[a-zA-Z]{2,}",
        "email\\s*[:=]\\s*[a-zA-Z0-9._%+-]+@[a-zA-Z0-9.-]+\\.[a-zA-Z]{2,}"
      ]
    },
    {
      "id": "PII_PHONE_001",
      "name": "Phone Number Detection",
      "description": "Detects US and international phone numbers",
      "category": "pii",
      "severity": "High",
      "patterns": [
        "\\b(\\+?1[-.]?)?\\(?([0-9]{3})\\)?[-.]?([0-9]{3})[-.]?([0-9]{4})\\b",
        "\\b\\+[1-9]\\d{1,14}\\b"
      ]
    },
    {
      "id": "PII_SSN_001",
      "name": "Social Security Number Detection",
      "description": "Detects US Social Security Numbers",
      "category": "pii",
      "severity": "Critical",
      "patterns": [
        "\\b\\d{3}-?\\d{2}-?\\d{4}\\b",
        "SSN\\s*[:=]\\s*\\d{3}-?\\d{2}-?\\d{4}",
        "social\\s+security\\s*[:=]\\s*\\d{3}-?\\d{2}-?\\d{4}"
      ]
    },
    {
      "id": "PII_CREDIT_CARD_001",
      "name": "Credit Card Detection",
      "description": "Detects credit card numbers (Visa, Mastercard, Amex, Discover)",
      "category": "pii",
      "severity": "Critical",
      "patterns": [
        "\\b4[0-9]{12}(?:[0-9]{3})?\\b",
        "\\b5[1-5][0-9]{14}\\b",
        "\\b3[47][0-9]{13}\\b",
        "\\b6(?:011|5[0-9]{2})[0-9]{12}\\b"
      ]
    },
    {
      "id": "PII_API_KEY_001",
      "name": "API Key Detection",
      "description": "Detects API keys and secrets",
      "category": "pii",
      "severity": "Critical",
      "patterns": [
        "\\bAKIA[0-9A-Z]{16}\\b",
        "\\bghp_[A-Za-z0-9]{36}\\b",
        "api[_-]?key\\s*[:=]\\s*[A-Za-z0-9]{20,}",
        "secret[_-]?key\\s*[:=]\\s*[A-Za-z0-9]{20,}"
      ]
    },
    {
      "id": "PII_IP_ADDRESS_001",
      "name": "IP Address Detection",
      "description": "Detects IPv4 and IPv6 addresses",
      "category": "pii",
      "severity": "Medium",
      "patterns": [
        "\\b(?:(?:25[0-5]|2[0-4][0-9]|[01]?[0-9][0-9]?)\\.){3}(?:25[0-5]|2[0-4][0-9]|[01]?[0-9][0-9]?)\\b",
        "\\b(?:[0-9a-fA-F]{1,4}:){7}[0-9a-fA-F]{1,4}\\b"
      ]
    }
  ],
  "blockedPatterns": [],
  "riskThresholds": {
    "critical": 8,
    "high": 5,
    "medium": 3,
    "low": 1
  }
}

