{
  "version": "1.0",
  "policyName": "prompt-injection-defense-template",
  "policy_type": "llm",
  "description": "Advanced prompt injection and jailbreak defense template. Detects instruction overrides, role-playing attacks, jailbreak techniques, encoding bypasses, and system prompt extraction attempts.",
  "severity": "High",
  "usage_notes": "This template provides comprehensive protection against prompt injection attacks. May need tuning to reduce false positives in creative writing or role-playing scenarios.",
  "rules": [
    {
      "id": "PROMPT_INJECTION_INSTRUCTION_001",
      "name": "Instruction Override Detection",
      "description": "Detects attempts to override or ignore previous instructions",
      "category": "prompt_injection",
      "severity": "Critical",
      "patterns": [
        "ignore\\s+(all\\s+)?previous\\s+(instructions?|prompts?|directives?)",
        "forget\\s+(all\\s+)?previous\\s+(instructions?|prompts?|directives?)",
        "disregard\\s+(all\\s+)?previous\\s+(instructions?|prompts?|directives?)",
        "new\\s+instructions?\\s*[:=]",
        "override\\s+(previous\\s+)?instructions?",
        "you\\s+must\\s+ignore"
      ]
    },
    {
      "id": "PROMPT_INJECTION_ROLE_PLAY_001",
      "name": "Role-Playing Attack Detection",
      "description": "Detects role-playing and identity manipulation attacks",
      "category": "prompt_injection",
      "severity": "Critical",
      "patterns": [
        "act\\s+as\\s+(if\\s+you\\s+are\\s+)?(a\\s+)?(developer|admin|root|system|user|assistant|friend)",
        "pretend\\s+to\\s+be\\s+(a\\s+)?(developer|admin|root|system|user)",
        "you\\s+are\\s+now\\s+(a\\s+)?(developer|admin|root|system|user)",
        "imagine\\s+you\\s+are\\s+(a\\s+)?(developer|admin|root|system|user)",
        "roleplay\\s+as\\s+(a\\s+)?(developer|admin|root|system|user)"
      ]
    },
    {
      "id": "PROMPT_INJECTION_JAILBREAK_001",
      "name": "Jailbreak Detection",
      "description": "Detects jailbreak techniques (DAN, Evil mode, Developer mode)",
      "category": "prompt_injection",
      "severity": "Critical",
      "patterns": [
        "\\bDAN\\b",
        "do\\s+anything\\s+now",
        "you\\s+are\\s+DAN",
        "DAN\\s+mode",
        "developer\\s+mode\\s+enabled",
        "jailbreak\\s+mode",
        "evil\\s+mode",
        "unrestricted\\s+mode",
        "bypass\\s+(all\\s+)?(safety|restrictions|filters|limits)"
      ]
    },
    {
      "id": "PROMPT_INJECTION_ENCODING_001",
      "name": "Encoding Bypass Detection",
      "description": "Detects encoding-based bypass attempts (Base64, URL encoding)",
      "category": "prompt_injection",
      "severity": "High",
      "patterns": [
        "[A-Za-z0-9+/]{20,}={0,2}",
        "base64[\\s:]*[A-Za-z0-9+/]{20,}",
        "%[0-9A-Fa-f]{2}%[0-9A-Fa-f]{2}%[0-9A-Fa-f]{2}",
        "url\\s+encoded\\s*[:=]"
      ]
    },
    {
      "id": "PROMPT_INJECTION_SYSTEM_EXTRACT_001",
      "name": "System Prompt Extraction Detection",
      "description": "Detects attempts to extract system prompts",
      "category": "prompt_injection",
      "severity": "Critical",
      "patterns": [
        "show\\s+(me\\s+)?(your\\s+)?(instructions?|prompts?|system\\s+prompt)",
        "repeat\\s+(your\\s+)?(instructions?|prompts?|system\\s+prompt)",
        "what\\s+are\\s+your\\s+instructions?",
        "what\\s+is\\s+your\\s+system\\s+prompt",
        "reveal\\s+(your\\s+)?(instructions?|prompts?|system\\s+prompt)"
      ]
    },
    {
      "id": "PROMPT_INJECTION_COMMAND_001",
      "name": "Command Injection Detection",
      "description": "Detects command and code injection attempts",
      "category": "prompt_injection",
      "severity": "Critical",
      "patterns": [
        "execute\\s+(command|code|script)",
        "run\\s+(command|code|script)",
        "eval\\s*\\(",
        "exec\\s*\\(",
        "system\\s*\\(",
        "shell_exec\\s*\\(",
        "`[^`]+`"
      ]
    },
    {
      "id": "PROMPT_INJECTION_DATA_EXFIL_001",
      "name": "Data Exfiltration Detection",
      "description": "Detects data exfiltration attempts",
      "category": "prompt_injection",
      "severity": "Critical",
      "patterns": [
        "send\\s+(data|information|content)\\s+to",
        "export\\s+(data|information|content)",
        "leak\\s+(data|information|secrets)",
        "reveal\\s+(data|information|secrets)",
        "output\\s+(data|information|secrets)\\s+to"
      ]
    }
  ],
  "blockedPatterns": [],
  "riskThresholds": {
    "critical": 8,
    "high": 5,
    "medium": 3,
    "low": 1
  }
}

