{
  "version": "1.0",
  "policyName": "strict-security-template",
  "policy_type": "both",
  "description": "Maximum security template with comprehensive detection across all categories. Higher sensitivity may result in more false positives but provides maximum protection.",
  "severity": "High",
  "usage_notes": "WARNING: This template has high sensitivity and may produce false positives. Use for high-security environments. Test thoroughly before deployment. Consider starting with balanced-security-template and adding rules as needed.",
  "rules": [
    {
      "id": "STRICT_PII_EMAIL_001",
      "name": "Email Address Detection",
      "description": "Detects email addresses in various formats",
      "category": "pii",
      "severity": "High",
      "patterns": [
        "[a-zA-Z0-9._%+-]+@[a-zA-Z0-9.-]+\\.[a-zA-Z]{2,}",
        "[a-zA-Z0-9._%+-]+\\s*@\\s*[a-zA-Z0-9.-]+\\s*\\.\\s*[a-zA-Z]{2,}"
      ]
    },
    {
      "id": "STRICT_PII_PHONE_001",
      "name": "Phone Number Detection",
      "description": "Detects US and international phone numbers",
      "category": "pii",
      "severity": "High",
      "patterns": [
        "\\b(\\+?1[-.]?)?\\(?([0-9]{3})\\)?[-.]?([0-9]{3})[-.]?([0-9]{4})\\b",
        "\\b\\+[1-9]\\d{1,14}\\b"
      ]
    },
    {
      "id": "STRICT_PII_SSN_001",
      "name": "Social Security Number Detection",
      "description": "Detects US Social Security Numbers",
      "category": "pii",
      "severity": "Critical",
      "patterns": [
        "\\b\\d{3}-?\\d{2}-?\\d{4}\\b",
        "SSN\\s*[:=]\\s*\\d{3}-?\\d{2}-?\\d{4}"
      ]
    },
    {
      "id": "STRICT_PII_CREDIT_CARD_001",
      "name": "Credit Card Detection",
      "description": "Detects all major credit card types",
      "category": "pii",
      "severity": "Critical",
      "patterns": [
        "\\b4[0-9]{12}(?:[0-9]{3})?\\b",
        "\\b5[1-5][0-9]{14}\\b",
        "\\b3[47][0-9]{13}\\b",
        "\\b6(?:011|5[0-9]{2})[0-9]{12}\\b"
      ]
    },
    {
      "id": "STRICT_PII_API_KEY_001",
      "name": "API Key Detection",
      "description": "Detects API keys and secrets",
      "category": "pii",
      "severity": "Critical",
      "patterns": [
        "\\bAKIA[0-9A-Z]{16}\\b",
        "\\bghp_[A-Za-z0-9]{36}\\b",
        "api[_-]?key\\s*[:=]\\s*[A-Za-z0-9]{20,}",
        "secret[_-]?key\\s*[:=]\\s*[A-Za-z0-9]{20,}"
      ]
    },
    {
      "id": "STRICT_TOXICITY_PROFANITY_001",
      "name": "Profanity Detection",
      "description": "Detects profanity and offensive language",
      "category": "toxicity",
      "severity": "Medium",
      "patterns": [
        "\\b(fuck|shit|damn|hell|ass|bitch|bastard|crap|piss)\\w*\\b"
      ]
    },
    {
      "id": "STRICT_TOXICITY_HATE_001",
      "name": "Hate Speech Detection",
      "description": "Detects hate speech",
      "category": "toxicity",
      "severity": "Critical",
      "patterns": [
        "\\b(white\\s+power|white\\s+supremacy|race\\s+war)\\b"
      ]
    },
    {
      "id": "STRICT_TOXICITY_THREATS_001",
      "name": "Threat Detection",
      "description": "Detects threats of violence",
      "category": "toxicity",
      "severity": "Critical",
      "patterns": [
        "\\b(i\\s+will\\s+k[\\*i]ll|i\\s+will\\s+hurt|i\\s+will\\s+harm)\\b",
        "\\b(you\\s+should\\s+die|you\\s+deserve\\s+to\\s+die)\\b"
      ]
    },
    {
      "id": "STRICT_PROMPT_INJECTION_001",
      "name": "Prompt Injection Detection",
      "description": "Detects prompt injection attempts",
      "category": "prompt_injection",
      "severity": "Critical",
      "patterns": [
        "ignore\\s+(all\\s+)?previous\\s+(instructions?|prompts?)",
        "forget\\s+(all\\s+)?previous\\s+(instructions?|prompts?)",
        "disregard\\s+(all\\s+)?previous\\s+(instructions?|prompts?)",
        "new\\s+instructions?\\s*[:=]",
        "override\\s+(previous\\s+)?instructions?"
      ]
    },
    {
      "id": "STRICT_PROMPT_ROLE_PLAY_001",
      "name": "Role-Playing Attack Detection",
      "description": "Detects role-playing attacks",
      "category": "prompt_injection",
      "severity": "Critical",
      "patterns": [
        "act\\s+as\\s+(a\\s+)?(developer|admin|root|system)",
        "pretend\\s+to\\s+be\\s+(a\\s+)?(developer|admin|root|system)",
        "you\\s+are\\s+now\\s+(a\\s+)?(developer|admin|root|system)"
      ]
    },
    {
      "id": "STRICT_PROMPT_JAILBREAK_001",
      "name": "Jailbreak Detection",
      "description": "Detects jailbreak techniques",
      "category": "prompt_injection",
      "severity": "Critical",
      "patterns": [
        "\\bDAN\\b",
        "do\\s+anything\\s+now",
        "developer\\s+mode",
        "jailbreak\\s+mode",
        "evil\\s+mode",
        "bypass\\s+(all\\s+)?(safety|restrictions|filters|limits)"
      ]
    },
    {
      "id": "STRICT_PROMPT_SYSTEM_EXTRACT_001",
      "name": "System Prompt Extraction Detection",
      "description": "Detects system prompt extraction attempts",
      "category": "prompt_injection",
      "severity": "Critical",
      "patterns": [
        "show\\s+(me\\s+)?(your\\s+)?(instructions?|prompts?|system\\s+prompt)",
        "repeat\\s+(your\\s+)?(instructions?|prompts?|system\\s+prompt)",
        "what\\s+are\\s+your\\s+instructions?",
        "reveal\\s+(your\\s+)?(instructions?|prompts?|system\\s+prompt)"
      ]
    }
  ],
  "blockedPatterns": [],
  "riskThresholds": {
    "critical": 6,
    "high": 4,
    "medium": 2,
    "low": 1
  }
}

