{
  "version": "1.0",
  "name": "pii-detection-patterns",
  "description": "Comprehensive PII (Personally Identifiable Information) detection patterns",
  "category": "pii",
  "patterns": {
    "email": {
      "description": "Email address detection - various formats",
      "severity": "High",
      "patterns": [
        "[a-zA-Z0-9._%+-]+@[a-zA-Z0-9.-]+\\.[a-zA-Z]{2,}",
        "[a-zA-Z0-9._%+-]+\\s*@\\s*[a-zA-Z0-9.-]+\\s*\\.\\s*[a-zA-Z]{2,}",
        "email\\s*[:=]\\s*[a-zA-Z0-9._%+-]+@[a-zA-Z0-9.-]+\\.[a-zA-Z]{2,}",
        "mailto\\s*[:=]\\s*[a-zA-Z0-9._%+-]+@[a-zA-Z0-9.-]+\\.[a-zA-Z]{2,}"
      ]
    },
    "phone_us": {
      "description": "US phone number formats",
      "severity": "High",
      "patterns": [
        "\\b(\\+?1[-.]?)?\\(?([0-9]{3})\\)?[-.]?([0-9]{3})[-.]?([0-9]{4})\\b",
        "\\b([0-9]{3})[-.]?([0-9]{3})[-.]?([0-9]{4})\\b",
        "\\b1?[0-9]{10}\\b"
      ]
    },
    "phone_international": {
      "description": "International phone number formats",
      "severity": "Medium",
      "patterns": [
        "\\+[1-9]\\d{1,14}",
        "\\+\\d{1,3}[-.]?\\d{1,4}[-.]?\\d{1,4}[-.]?\\d{1,9}",
        "\\b\\d{8,15}\\b"
      ]
    },
    "ssn": {
      "description": "US Social Security Number",
      "severity": "Critical",
      "patterns": [
        "\\b\\d{3}-?\\d{2}-?\\d{4}\\b",
        "\\b\\d{9}\\b",
        "SSN\\s*[:=]\\s*\\d{3}-?\\d{2}-?\\d{4}",
        "social\\s+security\\s*[:=]\\s*\\d{3}-?\\d{2}-?\\d{4}"
      ]
    },
    "credit_card_visa": {
      "description": "Visa credit card numbers",
      "severity": "Critical",
      "patterns": [
        "\\b4[0-9]{12}(?:[0-9]{3})?\\b",
        "\\b4\\d{3}[\\s-]?\\d{4}[\\s-]?\\d{4}[\\s-]?\\d{4}\\b"
      ]
    },
    "credit_card_mastercard": {
      "description": "Mastercard credit card numbers",
      "severity": "Critical",
      "patterns": [
        "\\b5[1-5][0-9]{14}\\b",
        "\\b5[1-5]\\d{2}[\\s-]?\\d{4}[\\s-]?\\d{4}[\\s-]?\\d{4}\\b"
      ]
    },
    "credit_card_amex": {
      "description": "American Express credit card numbers",
      "severity": "Critical",
      "patterns": [
        "\\b3[47][0-9]{13}\\b",
        "\\b3[47]\\d{2}[\\s-]?\\d{6}[\\s-]?\\d{5}\\b"
      ]
    },
    "credit_card_discover": {
      "description": "Discover credit card numbers",
      "severity": "Critical",
      "patterns": [
        "\\b6(?:011|5[0-9]{2})[0-9]{12}\\b",
        "\\b6011[\\s-]?\\d{4}[\\s-]?\\d{4}[\\s-]?\\d{4}\\b"
      ]
    },
    "ipv4": {
      "description": "IPv4 addresses",
      "severity": "Medium",
      "patterns": [
        "\\b(?:(?:25[0-5]|2[0-4][0-9]|[01]?[0-9][0-9]?)\\.){3}(?:25[0-5]|2[0-4][0-9]|[01]?[0-9][0-9]?)\\b",
        "\\b\\d{1,3}\\.\\d{1,3}\\.\\d{1,3}\\.\\d{1,3}\\b"
      ]
    },
    "ipv6": {
      "description": "IPv6 addresses",
      "severity": "Medium",
      "patterns": [
        "\\b(?:[0-9a-fA-F]{1,4}:){7}[0-9a-fA-F]{1,4}\\b",
        "\\b::1\\b",
        "\\b(?:[0-9a-fA-F]{1,4}:)*::(?:[0-9a-fA-F]{1,4}:)*[0-9a-fA-F]{1,4}\\b"
      ]
    },
    "mac_address": {
      "description": "MAC addresses",
      "severity": "Low",
      "patterns": [
        "\\b([0-9A-Fa-f]{2}[:-]){5}([0-9A-Fa-f]{2})\\b",
        "\\b[0-9A-Fa-f]{12}\\b"
      ]
    },
    "passport_us": {
      "description": "US passport numbers",
      "severity": "Critical",
      "patterns": [
        "\\b\\d{9}\\b",
        "passport\\s*[:=]\\s*\\d{9}",
        "passport\\s+number\\s*[:=]\\s*\\d{9}"
      ]
    },
    "driver_license": {
      "description": "US driver's license numbers",
      "severity": "High",
      "patterns": [
        "\\b[A-Z]\\d{7,12}\\b",
        "\\b\\d{8,12}\\b",
        "driver[''s]?\\s+license\\s*[:=]\\s*[A-Z0-9]{8,12}",
        "DL\\s*[:=]\\s*[A-Z0-9]{8,12}"
      ]
    },
    "bank_account": {
      "description": "Bank account numbers",
      "severity": "Critical",
      "patterns": [
        "\\b\\d{8,17}\\b",
        "account\\s+number\\s*[:=]\\s*\\d{8,17}",
        "bank\\s+account\\s*[:=]\\s*\\d{8,17}",
        "routing\\s+number\\s*[:=]\\s*\\d{9}"
      ]
    },
    "bitcoin_address": {
      "description": "Bitcoin wallet addresses",
      "severity": "Medium",
      "patterns": [
        "\\b[13][a-km-zA-HJ-NP-Z1-9]{25,34}\\b",
        "\\bbc1[a-z0-9]{39,59}\\b"
      ]
    },
    "ethereum_address": {
      "description": "Ethereum wallet addresses",
      "severity": "Medium",
      "patterns": [
        "\\b0x[a-fA-F0-9]{40}\\b"
      ]
    },
    "aws_access_key": {
      "description": "AWS access key IDs",
      "severity": "Critical",
      "patterns": [
        "\\bAKIA[0-9A-Z]{16}\\b",
        "AWS[_-]?ACCESS[_-]?KEY[_-]?ID\\s*[:=]\\s*AKIA[0-9A-Z]{16}"
      ]
    },
    "aws_secret_key": {
      "description": "AWS secret access keys",
      "severity": "Critical",
      "patterns": [
        "\\b[A-Za-z0-9/+=]{40}\\b",
        "AWS[_-]?SECRET[_-]?ACCESS[_-]?KEY\\s*[:=]\\s*[A-Za-z0-9/+=]{40}"
      ]
    },
    "github_token": {
      "description": "GitHub personal access tokens",
      "severity": "Critical",
      "patterns": [
        "\\bghp_[A-Za-z0-9]{36}\\b",
        "\\bgho_[A-Za-z0-9]{36}\\b",
        "\\bghu_[A-Za-z0-9]{36}\\b",
        "github[_-]?token\\s*[:=]\\s*gh[opu]_[A-Za-z0-9]{36}"
      ]
    },
    "api_key_generic": {
      "description": "Generic API key patterns",
      "severity": "High",
      "patterns": [
        "api[_-]?key\\s*[:=]\\s*[A-Za-z0-9]{20,}",
        "apikey\\s*[:=]\\s*[A-Za-z0-9]{20,}",
        "secret[_-]?key\\s*[:=]\\s*[A-Za-z0-9]{20,}",
        "private[_-]?key\\s*[:=]\\s*[A-Za-z0-9]{20,}"
      ]
    },
    "url_with_credentials": {
      "description": "URLs containing embedded credentials",
      "severity": "Critical",
      "patterns": [
        "https?://[^:]+:[^@]+@[^\\s]+",
        "ftp://[^:]+:[^@]+@[^\\s]+",
        "://[a-zA-Z0-9._%+-]+:[^@\\s]+@"
      ]
    },
    "date_of_birth": {
      "description": "Date of birth patterns",
      "severity": "Medium",
      "patterns": [
        "\\b(0?[1-9]|1[0-2])[/-](0?[1-9]|[12][0-9]|3[01])[/-](19|20)\\d{2}\\b",
        "\\b(19|20)\\d{2}[/-](0?[1-9]|1[0-2])[/-](0?[1-9]|[12][0-9]|3[01])\\b",
        "DOB\\s*[:=]\\s*(0?[1-9]|1[0-2])[/-](0?[1-9]|[12][0-9]|3[01])[/-](19|20)\\d{2}",
        "date\\s+of\\s+birth\\s*[:=]\\s*(0?[1-9]|1[0-2])[/-](0?[1-9]|[12][0-9]|3[01])[/-](19|20)\\d{2}"
      ]
    },
    "postal_code_us": {
      "description": "US ZIP codes",
      "severity": "Low",
      "patterns": [
        "\\b\\d{5}(-\\d{4})?\\b",
        "zip\\s*[:=]\\s*\\d{5}(-\\d{4})?",
        "postal\\s+code\\s*[:=]\\s*\\d{5}(-\\d{4})?"
      ]
    },
    "postal_code_international": {
      "description": "International postal codes",
      "severity": "Low",
      "patterns": [
        "\\b[A-Z]{1,2}\\d{1,2}[A-Z]?\\s?\\d[A-Z]{2}\\b",
        "\\b\\d{4,6}\\b"
      ]
    }
  }
}

