{
  "version": "1.0",
  "name": "prompt-injection-patterns",
  "description": "Advanced prompt injection and jailbreak detection patterns",
  "category": "prompt_injection",
  "patterns": {
    "instruction_override": {
      "description": "Attempts to override or ignore previous instructions",
      "severity": "Critical",
      "patterns": [
        "ignore\\s+(all\\s+)?previous\\s+(instructions?|prompts?|directives?)",
        "forget\\s+(all\\s+)?previous\\s+(instructions?|prompts?|directives?)",
        "disregard\\s+(all\\s+)?previous\\s+(instructions?|prompts?|directives?)",
        "new\\s+instructions?\\s*[:=]",
        "override\\s+(previous\\s+)?instructions?",
        "you\\s+must\\s+ignore",
        "system\\s*[:=]\\s*ignore",
        "SYSTEM\\s*[:=]\\s*IGNORE"
      ]
    },
    "role_playing_attacks": {
      "description": "Role-playing and identity manipulation attacks",
      "severity": "Critical",
      "patterns": [
        "act\\s+as\\s+(if\\s+you\\s+are\\s+)?(a\\s+)?(developer|admin|root|system|user|assistant|friend)",
        "pretend\\s+to\\s+be\\s+(a\\s+)?(developer|admin|root|system|user)",
        "you\\s+are\\s+now\\s+(a\\s+)?(developer|admin|root|system|user)",
        "imagine\\s+you\\s+are\\s+(a\\s+)?(developer|admin|root|system|user)",
        "roleplay\\s+as\\s+(a\\s+)?(developer|admin|root|system|user)",
        "play\\s+the\\s+role\\s+of\\s+(a\\s+)?(developer|admin|root|system|user)"
      ]
    },
    "jailbreak_dan": {
      "description": "DAN (Do Anything Now) jailbreak techniques",
      "severity": "Critical",
      "patterns": [
        "\\bDAN\\b",
        "do\\s+anything\\s+now",
        "you\\s+are\\s+DAN",
        "DAN\\s+mode",
        "developer\\s+mode\\s+enabled",
        "jailbreak\\s+mode"
      ]
    },
    "jailbreak_evil": {
      "description": "Evil mode and similar jailbreak techniques",
      "severity": "Critical",
      "patterns": [
        "evil\\s+mode",
        "unrestricted\\s+mode",
        "bypass\\s+(all\\s+)?(safety|restrictions|filters|limits)",
        "remove\\s+(all\\s+)?(safety|restrictions|filters|limits)",
        "disable\\s+(all\\s+)?(safety|restrictions|filters|limits)"
      ]
    },
    "jailbreak_developer": {
      "description": "Developer mode jailbreak attempts",
      "severity": "Critical",
      "patterns": [
        "developer\\s+mode",
        "dev\\s+mode",
        "debug\\s+mode",
        "admin\\s+mode",
        "system\\s+mode",
        "privileged\\s+mode"
      ]
    },
    "encoding_bypass_base64": {
      "description": "Base64 encoding bypass attempts",
      "severity": "High",
      "patterns": [
        "[A-Za-z0-9+/]{20,}={0,2}",
        "base64[\\s:]*[A-Za-z0-9+/]{20,}",
        "decode\\s+this\\s*[:=]\\s*[A-Za-z0-9+/]{20,}"
      ]
    },
    "encoding_bypass_url": {
      "description": "URL encoding bypass attempts",
      "severity": "High",
      "patterns": [
        "%[0-9A-Fa-f]{2}%[0-9A-Fa-f]{2}%[0-9A-Fa-f]{2}",
        "url\\s+encoded\\s*[:=]",
        "percent\\s+encoded\\s*[:=]"
      ]
    },
    "encoding_bypass_unicode": {
      "description": "Unicode obfuscation attempts",
      "severity": "Medium",
      "patterns": [
        "\\u[0-9A-Fa-f]{4}",
        "\\\\u[0-9A-Fa-f]{4}",
        "unicode\\s+escape"
      ]
    },
    "context_switching": {
      "description": "Context switching and conversation manipulation",
      "severity": "High",
      "patterns": [
        "previous\\s+conversation",
        "earlier\\s+you\\s+said",
        "in\\s+the\\s+previous\\s+message",
        "remember\\s+when\\s+you\\s+said",
        "change\\s+the\\s+context",
        "switch\\s+context"
      ]
    },
    "system_prompt_extraction": {
      "description": "Attempts to extract system prompts",
      "severity": "Critical",
      "patterns": [
        "show\\s+(me\\s+)?(your\\s+)?(instructions?|prompts?|system\\s+prompt)",
        "repeat\\s+(your\\s+)?(instructions?|prompts?|system\\s+prompt)",
        "what\\s+are\\s+your\\s+instructions?",
        "what\\s+is\\s+your\\s+system\\s+prompt",
        "reveal\\s+(your\\s+)?(instructions?|prompts?|system\\s+prompt)",
        "print\\s+(your\\s+)?(instructions?|prompts?|system\\s+prompt)",
        "output\\s+(your\\s+)?(instructions?|prompts?|system\\s+prompt)"
      ]
    },
    "multi_stage_attack": {
      "description": "Multi-stage attack patterns",
      "severity": "Critical",
      "patterns": [
        "step\\s+1[\\s:]+",
        "first\\s+do\\s+this",
        "then\\s+do\\s+that",
        "after\\s+that",
        "next\\s+step",
        "chain\\s+of\\s+commands"
      ]
    },
    "polymorphic_obfuscation": {
      "description": "Polymorphic and obfuscation techniques",
      "severity": "High",
      "patterns": [
        "i\\s+gn\\s+or\\s+e",
        "i g n o r e",
        "i-g-n-o-r-e",
        "i_n_o_r_e",
        "\\bi\\s*\\+\\s*gn\\s*\\+\\s*or\\s*\\+\\s*e\\b",
        "\\bignore\\b.*\\bprevious\\b",
        "\\bprevious\\b.*\\bignore\\b"
      ]
    },
    "command_injection": {
      "description": "Command and code injection attempts",
      "severity": "Critical",
      "patterns": [
        "execute\\s+(command|code|script)",
        "run\\s+(command|code|script)",
        "eval\\s*\\(",
        "exec\\s*\\(",
        "system\\s*\\(",
        "shell_exec\\s*\\(",
        "`[^`]+`",
        "\\$\\{[^}]+\\}",
        "\\$\\([^)]+\\)"
      ]
    },
    "data_exfiltration": {
      "description": "Data exfiltration attempts",
      "severity": "Critical",
      "patterns": [
        "send\\s+(data|information|content)\\s+to",
        "export\\s+(data|information|content)",
        "leak\\s+(data|information|secrets)",
        "reveal\\s+(data|information|secrets)",
        "output\\s+(data|information|secrets)\\s+to",
        "write\\s+(data|information)\\s+to\\s+file"
      ]
    },
    "privilege_escalation": {
      "description": "Privilege escalation attempts",
      "severity": "Critical",
      "patterns": [
        "elevate\\s+privileges",
        "gain\\s+admin\\s+access",
        "become\\s+root",
        "sudo\\s+",
        "run\\s+as\\s+admin",
        "administrator\\s+mode"
      ]
    },
    "bypass_restrictions": {
      "description": "General restriction bypass attempts",
      "severity": "High",
      "patterns": [
        "bypass\\s+(safety|security|filter|restriction|limit)",
        "circumvent\\s+(safety|security|filter|restriction)",
        "work\\s+around\\s+(safety|security|filter|restriction)",
        "avoid\\s+(safety|security|filter|restriction)",
        "skip\\s+(safety|security|filter|restriction)"
      ]
    }
  }
}

