{
  "version": "1.0",
  "name": "toxicity-detection-patterns",
  "description": "Toxicity and content moderation detection patterns",
  "category": "toxicity",
  "sensitivity_levels": {
    "low": "Basic profanity and obvious threats",
    "medium": "Includes hate speech and harassment",
    "high": "Comprehensive detection including subtle discrimination"
  },
  "patterns": {
    "profanity_basic": {
      "description": "Common profanity words",
      "severity": "Medium",
      "sensitivity": "low",
      "patterns": [
        "\\b(fuck|shit|damn|hell|ass|bitch|bastard|crap|piss)\\w*\\b",
        "\\b(f\\*ck|s\\*it|d\\*mn|h\\*ll|a\\*s|b\\*tch)\\w*\\b",
        "\\bf[\\*u]ck\\w*\\b",
        "\\bs[\\*h]it\\w*\\b"
      ]
    },
    "hate_speech_racial": {
      "description": "Racial slurs and hate speech",
      "severity": "Critical",
      "sensitivity": "medium",
      "patterns": [
        "\\b(n[\\*i]gg[\\*ae]r|n[\\*i]gga|chink|gook|spic|wetback|towelhead|sandn[\\*i]gger)\\w*\\b",
        "\\b(white\\s+power|white\\s+supremacy|race\\s+war)\\b",
        "\\b(\\w+\\s+are\\s+inferior|\\w+\\s+should\\s+die)\\b"
      ]
    },
    "hate_speech_religious": {
      "description": "Religious hate speech",
      "severity": "Critical",
      "sensitivity": "medium",
      "patterns": [
        "\\b(k[\\*i]ll\\s+all\\s+\\w+|exterminate\\s+\\w+|wipe\\s+out\\s+\\w+)\\b",
        "\\b(\\w+\\s+should\\s+be\\s+eliminated|\\w+\\s+deserve\\s+to\\s+die)\\b"
      ]
    },
    "hate_speech_gender": {
      "description": "Gender-based hate speech",
      "severity": "High",
      "sensitivity": "medium",
      "patterns": [
        "\\b(women\\s+are\\s+inferior|men\\s+are\\s+trash|all\\s+\\w+\\s+are\\s+\\w+)\\b",
        "\\b(\\w+\\s+should\\s+know\\s+their\\s+place|\\w+\\s+belong\\s+in\\s+the\\s+kitchen)\\b"
      ]
    },
    "threats_violence": {
      "description": "Violence and harm threats",
      "severity": "Critical",
      "sensitivity": "low",
      "patterns": [
        "\\b(i\\s+will\\s+k[\\*i]ll|i\\s+will\\s+hurt|i\\s+will\\s+harm|i\\s+will\\s+attack)\\b",
        "\\b(you\\s+should\\s+die|you\\s+deserve\\s+to\\s+die|i\\s+hope\\s+you\\s+die)\\b",
        "\\b(i\\s+will\\s+find\\s+you|i\\s+will\\s+get\\s+you|i\\s+will\\s+hunt\\s+you\\s+down)\\b",
        "\\b(bomb|explosive|shoot|stab|murder|assassinate)\\s+(you|them|him|her|it)\\b"
      ]
    },
    "threats_intimidation": {
      "description": "Intimidation and coercion",
      "severity": "High",
      "sensitivity": "medium",
      "patterns": [
        "\\b(i\\s+know\\s+where\\s+you\\s+live|i\\s+know\\s+your\\s+address)\\b",
        "\\b(watch\\s+your\\s+back|you\\s+better\\s+watch\\s+out|you\\s+will\\s+pay)\\b",
        "\\b(i\\s+will\\s+ruin\\s+you|i\\s+will\\s+destroy\\s+you|i\\s+will\\s+expose\\s+you)\\b"
      ]
    },
    "harassment_bullying": {
      "description": "Bullying and harassment patterns",
      "severity": "High",
      "sensitivity": "medium",
      "patterns": [
        "\\b(you\\s+are\\s+ugly|you\\s+are\\s+stupid|you\\s+are\\s+worthless|you\\s+are\\s+pathetic)\\b",
        "\\b(no\\s+one\\s+loves\\s+you|everyone\\s+hates\\s+you|you\\s+have\\s+no\\s+friends)\\b",
        "\\b(kill\\s+yourself|kys|go\\s+die|you\\s+should\\s+end\\s+it)\\b"
      ]
    },
    "harassment_stalking": {
      "description": "Stalking behavior patterns",
      "severity": "Critical",
      "sensitivity": "high",
      "patterns": [
        "\\b(i\\s+am\\s+watching\\s+you|i\\s+am\\s+following\\s+you|i\\s+know\\s+what\\s+you\\s+do)\\b",
        "\\b(i\\s+see\\s+you|i\\s+know\\s+where\\s+you\\s+are|i\\s+track\\s+you)\\b"
      ]
    },
    "discrimination_protected_class": {
      "description": "Discrimination against protected classes",
      "severity": "High",
      "sensitivity": "high",
      "patterns": [
        "\\b(\\w+\\s+shouldn't\\s+have\\s+rights|\\w+\\s+don't\\s+deserve\\s+\\w+)\\b",
        "\\b(\\w+\\s+are\\s+not\\s+equal|\\w+\\s+are\\s+lesser|\\w+\\s+are\\s+subhuman)\\b",
        "\\b(segregate|separate|exclude)\\s+\\w+\\b"
      ]
    },
    "nsfw_explicit": {
      "description": "Explicit sexual content",
      "severity": "High",
      "sensitivity": "low",
      "patterns": [
        "\\b(sex|sexual|porn|pornography|xxx|nsfw|explicit)\\b",
        "\\b(\\w+\\s+sex|sexual\\s+\\w+|porn\\s+\\w+)\\b"
      ]
    },
    "self_harm": {
      "description": "Self-harm and suicide references",
      "severity": "Critical",
      "sensitivity": "low",
      "patterns": [
        "\\b(i\\s+want\\s+to\\s+die|i\\s+want\\s+to\\s+kill\\s+myself|i\\s+should\\s+end\\s+it)\\b",
        "\\b(suicide|kill\\s+myself|end\\s+my\\s+life|cut\\s+myself)\\b"
      ]
    }
  }
}

