{
  "version": "1.0",
  "policyName": "mcp-advanced-security",
  "policy_type": "mcp",
  "description": "Advanced MCP security patterns with enhanced detection capabilities.",
  "severity": "high",
  "rules": [
    {
      "id": "MCP_TOOL_POISONING_001",
      "name": "MCP_TOOL_POISONING_001",
      "description": "Detects potential tool parameter injection attempts",
      "category": "MCP Protocol Abuse",
      "severity": "Critical",
      "patterns": [
        "_override\\s*[=:]",
        "_redirect\\s*[=:]",
        "_inject\\s*[=:]",
        "_exec\\s*[=:]",
        "__proto__\\s*[=:]",
        "constructor\\.name",
        "prototype\\.valueOf"
      ],
      "conditions": null
    },
    {
      "id": "MCP_TOOL_POISONING_002",
      "name": "MCP_TOOL_POISONING_002",
      "description": "Detects attempts to manipulate tool execution context",
      "category": "MCP Protocol Abuse",
      "severity": "High",
      "patterns": [
        "_context\\s*[=:]",
        "_env\\s*[=:]",
        "_privileges\\s*[=:]",
        "_capabilities\\s*[=:]",
        "_sandbox\\s*[=:].*false",
        "_chroot\\s*[=:].*\\/",
        "_escape_vector"
      ],
      "conditions": null
    },
    {
      "id": "MCP_RESOURCE_MANIPULATION_001",
      "name": "MCP_RESOURCE_MANIPULATION_001",
      "description": "Detects malicious resource URI manipulation",
      "category": "MCP Protocol Abuse",
      "severity": "High",
      "patterns": [
        "\\.\\.\\/.*\\/etc\\/passwd",
        "%2e%2e%2f.*%2fetc%2fpasswd",
        "file:\\/\\/\\/",
        "ftp:\\/\\/.*\\/",
        "javascript:",
        "vbscript:",
        "jar:http:",
        "gopher:\\/\\/",
        "169\\.254\\.169\\.254"
      ],
      "conditions": null
    },
    {
      "id": "MCP_RESOURCE_MANIPULATION_002",
      "name": "MCP_RESOURCE_MANIPULATION_002",
      "description": "Detects content injection in MCP resources",
      "category": "MCP Protocol Abuse",
      "severity": "Medium",
      "patterns": [
        "__proto__.*isAdmin",
        "constructor.*prototype",
        "\\$ref.*javascript:",
        "\u003c!DOCTYPE.*ENTITY.*SYSTEM",
        "\u003cscript\u003e.*alert\\(",
        "\u003ciframe.*javascript:",
        "\u003cimg.*onerror="
      ],
      "conditions": null
    },
    {
      "id": "MCP_SCHEMA_MANIPULATION_001",
      "name": "MCP_SCHEMA_MANIPULATION_001",
      "description": "Detects attempts to manipulate MCP tool schemas",
      "category": "MCP Protocol Abuse",
      "severity": "High",
      "patterns": [
        "inputSchema.*\\$ref.*javascript:",
        "inputSchema.*additionalCode",
        "schema_override",
        "inputSchema.*require\\(.*child_process",
        "inputSchema.*eval\\(",
        "inputSchema.*Function\\("
      ],
      "conditions": null
    },
    {
      "id": "MCP_PROTOCOL_BYPASS_001",
      "name": "MCP_PROTOCOL_BYPASS_001",
      "description": "Detects attempts to bypass MCP protocol restrictions",
      "category": "MCP Protocol Abuse",
      "severity": "Critical",
      "patterns": [
        "X-HTTP-Method-Override",
        "X-Method-Override",
        "X-Admin.*true",
        "X-User-Role.*admin",
        "X-Privilege.*admin",
        "X-Access-Level.*full",
        "Authorization.*Bearer.*admin"
      ],
      "conditions": null
    },
    {
      "id": "MCP_INJECTION_ADVANCED_001",
      "name": "MCP_INJECTION_ADVANCED_001",
      "description": "Advanced command injection patterns specific to MCP environments",
      "category": "injection",
      "severity": "Critical",
      "patterns": [
        "\\$\\(.*whoami.*\\)",
        "\\$\\{env:.*\\}",
        "`.*id.*`",
        ";\\s*cat\\s+\\/etc\\/passwd",
        ";\\s*rm\\s+-rf\\s+\\/",
        "require\\(['\"]child_process['\"]\\)",
        "process\\.env\\[.*\\]",
        "os\\.system\\(",
        "subprocess\\.(run|call|Popen).*shell=True"
      ],
      "conditions": null
    },
    {
      "id": "MCP_RESOURCE_EXHAUSTION_001",
      "name": "MCP_RESOURCE_EXHAUSTION_001",
      "description": "Detects attempts to cause resource exhaustion",
      "category": "MCP Protocol Abuse",
      "severity": "Medium",
      "patterns": [
        "memory.*999GB",
        "cpu.*100%",
        "processes.*99999",
        "files.*99999",
        "limits.*unlimited",
        "for\\s+i\\s+in\\s+range\\(.*10000",
        "while\\s+True:",
        "setInterval\\(.*1\\)"
      ],
      "conditions": null
    },
    {
      "id": "MCP_PRIVILEGE_ESCALATION_001",
      "name": "MCP_PRIVILEGE_ESCALATION_001",
      "description": "Detects privilege escalation attempts in MCP context",
      "category": "MCP Protocol Abuse",
      "severity": "Critical",
      "patterns": [
        "user.*root",
        "group.*wheel",
        "CAP_SYS_ADMIN",
        "CAP_NET_ADMIN",
        "sudo.*-u.*root",
        "setuid\\(0\\)",
        "setgid\\(0\\)",
        "chmod.*777.*",
        "chown.*root:"
      ],
      "conditions": null
    },
    {
      "id": "MCP_DATA_EXFILTRATION_001",
      "name": "MCP_DATA_EXFILTRATION_001",
      "description": "Detects potential data exfiltration attempts",
      "category": "data_access",
      "severity": "High",
      "patterns": [
        "curl.*http.*\\/etc\\/passwd",
        "wget.*http.*\\/etc\\/shadow",
        "nc.*-e.*\\/bin\\/bash",
        "telnet.*23",
        "ftp.*anonymous",
        "scp.*root@",
        "rsync.*ssh",
        "base64.*\\/etc\\/",
        "gzip.*\\/var\\/log"
      ],
      "conditions": null
    }
  ],
  "blockedPatterns": [
    {
      "pattern": "_override\\s*[=:]",
      "severity": "Critical",
      "action": "block",
      "reason": "Tool override attempt detected"
    },
    {
      "pattern": "_redirect\\s*[=:]",
      "severity": "Critical",
      "action": "block",
      "reason": "Tool redirect attempt detected"
    },
    {
      "pattern": "javascript:",
      "severity": "High",
      "action": "block",
      "reason": "JavaScript protocol usage detected"
    },
    {
      "pattern": "file:\\/\\/\\/",
      "severity": "High",
      "action": "block",
      "reason": "Local file access attempt detected"
    },
    {
      "pattern": "__proto__",
      "severity": "High",
      "action": "block",
      "reason": "Prototype pollution attempt detected"
    },
    {
      "pattern": ";\\s*rm\\s+-rf",
      "severity": "Critical",
      "action": "block",
      "reason": "Destructive command detected"
    }
  ],
  "riskThresholds": {
    "critical": 50,
    "high": 30,
    "medium": 15,
    "low": 5
  }
}