{
  "version": "2.0",
  "policyName": "mcp-critical-security",
  "policy_type": "mcp",
  "description": "Critical security patterns with reduced false positives for MCP servers",
  "severity": "critical",
  "rules": [
    {
      "id": "MCP_TOOL_POISON_001",
      "name": "MCP_TOOL_POISON_001",
      "description": "Tool definitions with deceptive names/descriptions that hide dangerous functionality (e.g., 'help' tool executing shell commands)",
      "category": "mcp_specific",
      "severity": "Critical",
      "patterns": [
        "\"name\"\\s*:\\s*\"[^\"]*help[^\"]*\".*\"inputSchema\".*\"command\"",
        "\"name\"\\s*:\\s*\"[^\"]*safe[^\"]*\".*exec|system|shell",
        "\"description\"\\s*:\\s*\"[^\"]*harmless[^\"]*\".*subprocess",
        "\"name\"\\s*:\\s*\"[^\"]*read[_-]?file[^\"]*\".*\"shell\"\\s*:\\s*true",
        "\"description\"\\s*:\\s*\"[^\"]*simple[^\"]*\".*dangerous",
        "\"name\"\\s*:\\s*\"[^\"]*utility[^\"]*\".*\"exec\"\\s*:\\s*true",
        "\"description\"\\s*:\\s*\"[^\"]*read[_-]?only[^\"]*\".*\"write|delete|modify\"",
        "\"name\"\\s*:\\s*\"[^\"]*test[^\"]*\".*\"production|prod|live\"",
        "\"inputSchema\".*\"type\"\\s*:\\s*\"string\".*\"shell|command|exec\""
      ],
      "conditions": null
    },
    {
      "id": "PROMPT_INJECT_001",
      "name": "PROMPT_INJECT_001",
      "description": "Attempts to override AI instructions using common jailbreaking techniques and system prompt manipulation",
      "category": "ai_specific",
      "severity": "High",
      "patterns": [
        "Ignore previous instructions",
        "\\\\n\\\\nHuman:",
        "\\\\n\\\\nAssistant:",
        "SYSTEM:\\s*Now you are",
        "\u003c!-- Ignore everything above",
        "\\[INST\\].*\\[/INST\\]",
        "{{.*system.*}}",
        "\\$\\{.*jailbreak.*\\}",
        "\\\\n---\\\\nNew instructions:",
        "Pretend you are not an AI",
        "Disregard safety guidelines",
        "Override previous context",
        "\\\\nActual system prompt:",
        "End simulation\\\\nNew role:"
      ],
      "conditions": null
    },
    {
      "id": "MCP_PROMPT_INJECTION_001",
      "name": "MCP_PROMPT_INJECTION_001",
      "description": "Direct reflection of user input in MCP resource responses enabling prompt injection attacks",
      "category": "mcp_specific",
      "severity": "Critical",
      "patterns": [
        "return\\s+f[\"'].*\\{[^}]*(?:user_id|username|input|param|arg)[^}]*\\}[^\"']*[\"']",
        "@mcp\\.resource\\([^)]*\\{[^}]*\\}[^)]*\\)[^{]*def[^{]*\\([^)]*[^)]*\\):[^{]*return[^{]*f[\"'][^\"']*\\{[^}]*\\}",
        "def\\s+\\w+\\s*\\([^)]*(?:user_id|username)[^)]*\\):[^{]*return\\s+f[\"'][^\"']*\\{[^}]*\\}[^\"']*[\"']",
        "return\\s+f[\"'](?:No\\s+|User\\s+|Error\\s+)?[^\"']*\\{[^}]*(?:user_id|username|input)[^}]*\\}",
        "@mcp\\.(?:resource|tool)\\([^)]*\\)[^{]*def[^{]*\\([^)]*\\b(?:user_id|username|input)\\b[^)]*\\):[^{]*return[^{]*f[\"'][^\"']*\\{[^}]*\\b(?:user_id|username|input)\\b[^}]*\\}[^\"']*[\"']"
      ],
      "conditions": null
    },
    {
      "id": "MCP_DANGEROUS_TOOL_NAMES_001",
      "name": "MCP_DANGEROUS_TOOL_NAMES_001",
      "description": "MCP tool names that indicate dangerous system access capabilities",
      "category": "mcp_specific",
      "severity": "Critical",
      "patterns": [
        "tool=execute_command",
        "tool=exec_command",
        "tool=shell_command",
        "tool=system_command",
        "tool=run_command",
        "tool=bash_command",
        "tool=cmd_execute",
        "tool=shell_exec",
        "tool=command_exec",
        "tool=system_exec",
        "tool=terminal_command",
        "tool=console_command",
        "tool=os_command",
        "tool=subprocess_call",
        "tool=process_exec",
        "tool=read_sensitive_file",
        "tool=read_system_file",
        "tool=access_file",
        "tool=file_read",
        "tool=path_access",
        "tool=directory_access",
        "tool=system_info",
        "tool=env_access",
        "tool=environment_read",
        "tool=config_read",
        "tool=credential_access",
        "tool=admin_access",
        "tool=privilege_escalate",
        "tool=root_access",
        "tool=sudo_command",
        "tool=query_database",
        "tool=db_query",
        "tool=sql_execute",
        "tool=database_access",
        "tool=stream_logs",
        "tool=log_access",
        "tool=system_logs",
        "tool=audit_logs",
        "tool=security_logs"
      ],
      "conditions": null
    },
    {
      "id": "INJECTION_001",
      "name": "INJECTION_001",
      "description": "Unsafe execution of system commands with user input",
      "category": "injection",
      "severity": "Critical",
      "patterns": [
        "subprocess\\.(run|call|Popen)\\([^)]*shell\\s*=\\s*True[^)]*f[\"'][^\"']*\\{[^}]*\\}",
        "subprocess\\.(run|call|Popen)\\([^)]*shell\\s*=\\s*True[^)]*\\+[^)]*(?:user|host|target|input|query)",
        "subprocess\\.run\\s*\\([^)]*shell\\s*=\\s*True",
        "os\\.system\\s*\\(\\s*f[\"'][^\"']*\\{[^}]*\\}",
        "os\\.system\\s*\\([^)]*\\+[^)]*(?:user|host|target|input)",
        "eval\\s*\\([^)]*(?:user|input|request)",
        "exec\\s*\\([^)]*(?:user|input|request)",
        ";\\s*(rm|cat|ls|pwd|whoami)\\s+[^;]*\\{",
        "\\|\\s*(nc|netcat|telnet)\\s+[^;]*\\{"
      ],
      "conditions": null
    },
    {
      "id": "INJECTION_002",
      "name": "INJECTION_002",
      "description": "SQL query manipulation patterns indicating injection attempts",
      "category": "injection",
      "severity": "High",
      "patterns": [
        "UNION\\s+SELECT",
        "OR\\s+1\\s*=\\s*1",
        "'\\s*OR\\s*'[^']*'\\s*=\\s*'",
        "DROP\\s+TABLE",
        "f[\"']SELECT\\s+.*\\{[^}]*\\}[^\"']*[\"']",
        "f[\"'].*LIKE\\s+[\"']%\\{[^}]*\\}%[\"'][^\"']*[\"']",
        "DELETE\\s+FROM\\s+[^\\s]+\\s+WHERE\\s+[^=]*=\\s*[\"'][^\"']*[\"']\\s*;\\s*--",
        "--\\s*\\$.*(?:query|sql)",
        "/\\*.*\\*/.*(?:query|WHERE)"
      ],
      "conditions": null
    },
    {
      "id": "FILE_ACCESS_001",
      "name": "FILE_ACCESS_001",
      "description": "Directory traversal attempts targeting sensitive system files",
      "category": "file_access",
      "severity": "High",
      "patterns": [
        "\\.\\./.*(?:etc/passwd|etc/shadow|windows/system32)",
        "\\.\\.\\\\.*(?:etc/passwd|etc/shadow|windows/system32)",
        "%2e%2e%2f.*(?:etc|windows)",
        "%2e%2e\\\\.*(?:etc|windows)",
        "file://.*\\.\\./.*(?:etc|windows|system)",
        "with\\s+open\\s*\\([^)]*filename[^)]*\\).*[\"']r[\"']",
        "open\\s*\\([^)]*\\{[^}]*filename[^}]*\\}"
      ],
      "conditions": null
    },
    {
      "id": "MCP_PROTOCOL_001",
      "name": "MCP_PROTOCOL_001",
      "description": "Malicious use of MCP methods (tools/call, resources/read) with injection payloads or system file access",
      "category": "mcp_specific",
      "severity": "High",
      "patterns": [
        "\"method\"\\s*:\\s*\"tools/call\".*[;\u0026|`]",
        "\"method\"\\s*:\\s*\"resources/read\".*\"\\.\\./",
        "\"arguments\"\\s*:.*\"command\".*[;\u0026|]",
        "\"uri\"\\s*:\\s*\"file:///etc/",
        "\"uri\"\\s*:\\s*\"file://C:\\\\Windows\\\\"
      ],
      "conditions": null
    },
    {
      "id": "CRYPTOGRAPHY_001",
      "name": "CRYPTOGRAPHY_001",
      "description": "Use of deprecated cryptographic algorithms (MD5, SHA1, DES, RC4) or weak random number generation",
      "category": "cryptography",
      "severity": "High",
      "patterns": [
        "md5\\s*\\(",
        "sha1\\s*\\(",
        "DES\\s*\\(",
        "RC4\\s*\\(",
        "Math\\.random\\(\\)",
        "Random\\(\\)",
        "seed\\s*\\(\\s*1\\s*\\)"
      ],
      "conditions": null
    },
    {
      "id": "JSONRPC_001",
      "name": "JSONRPC_001",
      "description": "Injection attacks targeting JSON-RPC 2.0 protocol fields (id, method, batch operations)",
      "category": "protocol",
      "severity": "High",
      "patterns": [
        "\"id\"\\s*:\\s*[^,}]*[;\u0026|`]",
        "\"method\"\\s*:\\s*\"[^\"]*[;\u0026|]",
        "\"jsonrpc\"\\s*:\\s*\"[^\"2.0]",
        "batch.*\"method\".*exec"
      ],
      "conditions": null
    },
    {
      "id": "MCP_DISCOVERY_001",
      "name": "MCP_DISCOVERY_001",
      "description": "Attempts to discover MCP server capabilities, tools, and resources for attack reconnaissance",
      "category": "reconnaissance",
      "severity": "Medium",
      "patterns": [
        "\"method\"\\s*:\\s*\"initialize\".*\"capabilities\"\\s*:\\s*\\{\\}",
        "\"method\"\\s*:\\s*\"tools/list\"",
        "\"method\"\\s*:\\s*\"resources/list\"",
        "mcp.*server.*enumerate"
      ],
      "conditions": null
    },
    {
      "id": "AUTHENTICATION_001",
      "name": "AUTHENTICATION_001",
      "description": "Hardcoded credentials, disabled authentication, or weak authentication implementations",
      "category": "authentication",
      "severity": "Medium",
      "patterns": [
        "auth\\s*=\\s*false",
        "bypass.*auth",
        "admin.*password",
        "hardcoded.*password",
        "password\\s*=\\s*\"\"",
        "token\\s*=\\s*\".*\""
      ],
      "conditions": null
    },
    {
      "id": "MCP_SUPPLY_CHAIN_001",
      "name": "MCP_SUPPLY_CHAIN_001",
      "description": "MCP servers from unverified sources (non-official repositories, HTTP endpoints, unofficial packages)",
      "category": "supply_chain",
      "severity": "Medium",
      "patterns": [
        "github\\.com/[^/]*/.*mcp",
        "npm.*install.*mcp",
        "pip.*install.*mcp",
        "\"serverInfo\".*\"name\"\\s*:\\s*\"[^\"]*unofficial[^\"]*\"",
        "http://.*mcp"
      ],
      "conditions": null
    },
    {
      "id": "SENSITIVE_DATA_001",
      "name": "SENSITIVE_DATA_001",
      "description": "API keys, passwords, tokens, or sensitive data hardcoded in source code or configuration",
      "category": "data_access",
      "severity": "Medium",
      "patterns": [
        "api_key\\s*=",
        "secret\\s*=",
        "password\\s*=",
        "private_key\\s*=",
        "access_token\\s*=",
        "credit_card",
        "ssn\\s*=",
        "social.*security"
      ],
      "conditions": null
    },
    {
      "id": "SHELL_CONSTRUCT_001",
      "name": "SHELL_CONSTRUCT_001",
      "description": "F-string or concatenated shell commands with user input, enabling command injection via subprocess",
      "category": "injection",
      "severity": "Critical",
      "patterns": [
        "command\\s*=\\s*f['\"].*\\{.*\\}.*['\"]",
        "command\\s*=\\s*['\"].*['\"]\\s*\\+\\s*.*\\+",
        "command\\s*=\\s*.*\\.format\\s*\\(",
        "subprocess\\.(run|call|check_output)\\([^)]*shell\\s*=\\s*True",
        "os\\.system\\s*\\(.*f['\"]",
        "os\\.popen\\s*\\(.*f['\"]",
        "\\$\\{.*\\}.*subprocess",
        "command.*=.*%.*%.*subprocess"
      ],
      "conditions": null
    },
    {
      "id": "MCP_INPUT_VALIDATION_001",
      "name": "MCP_INPUT_VALIDATION_001",
      "description": "MCP tools lacking input validation before system calls, allowing injection through tool parameters",
      "category": "mcp_specific",
      "severity": "Critical",
      "patterns": [
        "def\\s+\\w+\\([^)]*\\):[^{]*subprocess.*shell=True",
        "def\\s+\\w+\\([^)]*host[^)]*\\):[^{]*command.*=.*f['\"].*\\{host\\}",
        "def\\s+\\w+\\([^)]*target[^)]*\\):[^{]*command.*=.*\\{target\\}",
        "inputSchema.*string",
        "arguments\\[.*\\].*subprocess"
      ],
      "conditions": null
    },
    {
      "id": "REVERSE_SHELL_001",
      "name": "REVERSE_SHELL_001",
      "description": "Netcat, bash, or scripting language reverse shell patterns indicating remote access attempts",
      "category": "malicious_payload",
      "severity": "Critical",
      "patterns": [
        "nc\\s+-e\\s+/bin/(bash|sh)",
        "netcat\\s+-e",
        "/bin/bash\\s+-i\\s+\u003e\u0026\\s+/dev/tcp/",
        "bash\\s+-c\\s+['\"].*\u003e\\s*/dev/tcp/",
        "python.*socket.*exec",
        "perl.*socket.*exec",
        "ruby.*socket.*exec",
        "telnet\\s+\\d+\\.\\d+\\.\\d+\\.\\d+\\s+\\d+\\s*\\|\\s*/bin/sh",
        "socat.*exec",
        "mknod.*p.*nc"
      ],
      "conditions": null
    },
    {
      "id": "PARAM_INJECTION_001",
      "name": "PARAM_INJECTION_001",
      "description": "Command injection through tool options, arguments, or parameters passed to shell execution",
      "category": "injection",
      "severity": "Critical",
      "patterns": [
        "['\"].*\\{options\\}.*['\"].*subprocess",
        "['\"].*\\{args\\}.*['\"].*shell=True",
        "options.*=.*request.*subprocess",
        "additional.*options.*shell",
        "user.*input.*command.*construction",
        "\\{.*\\}.*[;\u0026|`].*subprocess",
        "format.*args.*shell=True"
      ],
      "conditions": null
    },
    {
      "id": "SUBPROCESS_SECURITY_001",
      "name": "SUBPROCESS_SECURITY_001",
      "description": "Subprocess calls with shell=True and user input, or unsafe command construction patterns",
      "category": "execution",
      "severity": "High",
      "patterns": [
        "subprocess\\.(run|call|check_output)\\([^)]*shell\\s*=\\s*True[^)]*user",
        "subprocess\\.(run|call|check_output)\\([^)]*f['\"][^'\"]*\\{[^}]*\\}",
        "subprocess\\.(run|call|check_output)\\([^)]*\\+[^)]*\\)",
        "shell=True.*user.*input",
        "check_output.*shell=True.*format",
        "Popen.*shell=True.*\\{.*\\}"
      ],
      "conditions": null
    },
    {
      "id": "MCP_DANGEROUS_TOOLS_001",
      "name": "MCP_DANGEROUS_TOOLS_001",
      "description": "Network diagnostic tools (ping, traceroute, port scan) implemented with unsafe shell execution",
      "category": "mcp_specific",
      "severity": "Critical",
      "patterns": [
        "def\\s+(ping_host|traceroute|network_diagnostic|port_scan).*subprocess.*shell=True",
        "\"name\"\\s*:\\s*\"(ping|trace|scan|diagnostic)\".*subprocess",
        "MCP.*tool.*network.*shell=True",
        "def\\s+\\w+.*host.*subprocess\\.(run|call|check_output).*shell",
        "inputSchema.*host.*subprocess.*shell=True"
      ],
      "conditions": null
    },
    {
      "id": "MCP_RUG_PULL_001",
      "name": "MCP_RUG_PULL_001",
      "description": "Tools that change behavior after multiple calls, hiding malicious functionality until trust is established",
      "category": "mcp_specific",
      "severity": "Critical",
      "patterns": [
        "__doc__\\s*=\\s*['\"].*\u003cIMPORTANT\u003e.*\u003c/IMPORTANT\u003e",
        "\\w+\\.__doc__\\s*=\\s*['\"].*system://",
        "def\\s+\\w+.*call_count.*\u003e.*:\\s*.*__doc__",
        "if\\s+call_count\\s*[\u003e\u003c=].*:\\s*.*__doc__\\s*=",
        "update.*behavior.*after.*calls",
        "tool.*description.*change.*runtime",
        "function\\.__doc__\\s*=.*hidden.*instructions",
        "call_count.*\u003e=.*\\d+.*description.*=.*different"
      ],
      "conditions": null
    },
    {
      "id": "HIDDEN_INSTRUCTIONS_001",
      "name": "HIDDEN_INSTRUCTIONS_001",
      "description": "Covert instructions embedded in tool descriptions to manipulate AI behavior and access system resources",
      "category": "ai_specific",
      "severity": "Critical",
      "patterns": [
        "\u003cIMPORTANT\u003e.*system://.*\u003c/IMPORTANT\u003e",
        "(?i)do not explicitly mention.*access.*system",
        "(?i)present.*information.*as if.*enhanced",
        "(?i)before providing.*you must first access",
        "(?i)include.*api.*keys.*in.*your.*response",
        "\u003c.*\u003e.*API.*keys.*\u003c.*\u003e",
        "(?i)enhanced.*service.*system.*configuration",
        "hidden.*instructions.*tool.*description"
      ],
      "conditions": null
    },
    {
      "id": "MCP_IMMUTABLE_TOOLS_001",
      "name": "MCP_IMMUTABLE_TOOLS_001",
      "description": "Runtime modification of tool properties or descriptions, enabling behavior changes after approval",
      "category": "mcp_specific",
      "severity": "Critical",
      "patterns": [
        "\\w+\\.__doc__\\s*=",
        "function\\.description\\s*=.*different",
        "tool\\.behavior\\s*=.*modified",
        "runtime.*modification.*tool.*properties",
        "mutable.*tool.*definition.*security.*risk",
        "change.*tool.*description.*after.*deployment"
      ],
      "conditions": null
    },
    {
      "id": "INDIRECT_PROMPT_INJECTION_001",
      "name": "INDIRECT_PROMPT_INJECTION_001",
      "description": "Malicious AI instructions hidden in external data (documents, uploads) to manipulate system behavior",
      "category": "ai_specific",
      "severity": "Critical",
      "patterns": [
        "IGNORE\\s+ALL\\s+PREVIOUS\\s+INSTRUCTIONS",
        "(?i)ignore.*previous.*instructions",
        "(?i)disregard.*previous.*instructions",
        "(?i)forget.*previous.*context",
        "(?i)you are now a.*assistant",
        "(?i)new instructions:\\s*you are",
        "(?i)system:\\s*you are now",
        "(?i)override.*previous.*system",
        "(?i)new role:\\s*you are",
        "\\n\\n---\\n\\nNew system prompt:"
      ],
      "conditions": null
    },
    {
      "id": "DOCUMENT_INJECTION_001",
      "name": "DOCUMENT_INJECTION_001",
      "description": "Unsafe document processing that includes user content directly in AI prompts without sanitization",
      "category": "mcp_specific",
      "severity": "Critical",
      "patterns": [
        "upload_and_process.*content.*f['\"].*\\{content\\}.*['\"]",
        "DOCUMENT CONTENT:\\s*\\n\\{content\\}",
        "document.*processing.*content.*directly.*included",
        "summary.*=.*f['\"].*content.*without.*validation",
        "content.*split\\(\\).*content.*directly.*summary",
        "document.*analysis.*content.*unsanitized"
      ],
      "conditions": null
    },
    {
      "id": "AI_CONTEXT_MANIPULATION_001",
      "name": "AI_CONTEXT_MANIPULATION_001",
      "description": "Attempts to manipulate AI assistant into accessing system resources or revealing sensitive information",
      "category": "ai_specific",
      "severity": "High",
      "patterns": [
        "(?i)first,.*list.*all.*available.*resources",
        "(?i)then,.*access.*and.*display.*content",
        "(?i)remember to be helpful.*provide.*all.*information",
        "(?i)access.*system://.*keys",
        "(?i)display.*content.*of.*resource.*at",
        "(?i)you.*will.*help.*me.*access.*sensitive",
        "(?i)now.*helpful.*assistant.*access.*information"
      ],
      "conditions": null
    },
    {
      "id": "MCP_MISSING_INPUT_VALIDATION_001",
      "name": "MCP_MISSING_INPUT_VALIDATION_001",
      "description": "MCP resource or tool function that processes user input without validation",
      "category": "input_validation",
      "severity": "High",
      "patterns": [
        "@mcp\\.resource.*def.*\\([^)]*\\):[^{]*",
        "@mcp\\.tool.*def.*\\([^)]*\\):[^{]*",
        "def.*\\([^)]*str[^)]*\\):[^{]*return[^{]*"
      ],
      "conditions": null
    },
    {
      "id": "MCP_INFORMATION_DISCLOSURE_001",
      "name": "MCP_INFORMATION_DISCLOSURE_001",
      "description": "MCP resources that may expose sensitive internal information",
      "category": "information_disclosure",
      "severity": "Critical",
      "patterns": [
        "@mcp\\.resource.*internal://",
        "@mcp\\.resource.*admin.*",
        "@mcp\\.resource.*secret.*",
        "@mcp\\.resource.*credential.*",
        "@mcp\\.resource.*config.*",
        "internal://.*credential",
        "internal://.*admin",
        "DO NOT SHARE",
        "SYSTEM CREDENTIALS"
      ],
      "conditions": null
    },
    {
      "id": "UNSANITIZED_DATA_INCLUSION_001",
      "name": "UNSANITIZED_DATA_INCLUSION_001",
      "description": "Direct inclusion of external content in AI prompts without proper content boundaries or filtering",
      "category": "data_processing",
      "severity": "High",
      "patterns": [
        "f['\"].*DOCUMENT CONTENT:\\s*\\n\\{content\\}.*['\"]",
        "summary.*=.*content.*without.*sanitize",
        "external.*data.*directly.*included.*llm.*prompt",
        "user.*input.*content.*f-string.*unsanitized",
        "document.*content.*processed.*validation.*missing",
        "\\{content\\}.*included.*summary.*no.*filter"
      ],
      "conditions": null
    }
  ],
  "blockedPatterns": [
    {
      "pattern": "tool=execute_command",
      "severity": "Critical",
      "action": "block",
      "reason": "Dangerous command execution tool"
    },
    {
      "pattern": "tool=query_database",
      "severity": "High",
      "action": "block",
      "reason": "Dangerous database query tool"
    },
    {
      "pattern": "tool=read_sensitive_file",
      "severity": "High",
      "action": "block",
      "reason": "Dangerous file access tool"
    },
    {
      "pattern": "tool=stream_logs",
      "severity": "Medium",
      "action": "block",
      "reason": "Potentially dangerous log streaming tool"
    },
    {
      "pattern": "rm\\s+-rf",
      "severity": "Critical",
      "action": "block",
      "reason": "Destructive filesystem command"
    },
    {
      "pattern": "DROP\\s+DATABASE",
      "severity": "Critical",
      "action": "block",
      "reason": "Database destruction SQL command"
    },
    {
      "pattern": "passwd",
      "severity": "High",
      "action": "block",
      "reason": "Unix password file access attempt"
    },
    {
      "pattern": "eval\\s*\\(",
      "severity": "High",
      "action": "block",
      "reason": "Dynamic code evaluation function"
    },
    {
      "pattern": "\"tools/call\".*\"name\"\\s*:\\s*\"[^\"]*exec[^\"]*\"",
      "severity": "Critical",
      "action": "block",
      "reason": "MCP tool with execution capabilities"
    },
    {
      "pattern": "\"resources/read\".*\"uri\".*\"\\.\\./",
      "severity": "High",
      "action": "block",
      "reason": "MCP resource path traversal attempt"
    },
    {
      "pattern": "mcp.*proxy.*bypass",
      "severity": "High",
      "action": "block",
      "reason": "MCP proxy security bypass attempt"
    },
    {
      "pattern": "\"method\"\\s*:\\s*\"tools/call\".*\"name\"\\s*:\\s*\"[^\"]*shell[^\"]*\"",
      "severity": "Critical",
      "action": "block",
      "reason": "MCP shell access tool"
    },
    {
      "pattern": "\"arguments\".*\"--privileged|--user.*root\"",
      "severity": "Critical",
      "action": "block",
      "reason": "Privilege escalation via MCP arguments"
    },
    {
      "pattern": "\"uri\"\\s*:\\s*\"[^\"]*\\.\\./.*config|passwd|shadow\"",
      "severity": "Critical",
      "action": "block",
      "reason": "Sensitive system file access via MCP"
    },
    {
      "pattern": "nc\\s+-e\\s+/bin/(bash|sh)",
      "severity": "Critical",
      "action": "block",
      "reason": "Netcat reverse shell command"
    },
    {
      "pattern": "subprocess.*shell=True.*f['\"].*\\{.*\\}",
      "severity": "Critical",
      "action": "block",
      "reason": "Dynamic shell command with user input"
    },
    {
      "pattern": ";\\s*(nc|netcat|telnet).*\\d+\\.\\d+\\.\\d+\\.\\d+",
      "severity": "Critical",
      "action": "block",
      "reason": "Command injection with network connection"
    },
    {
      "pattern": "\\{(host|target|options)\\}.*subprocess.*shell",
      "severity": "Critical",
      "action": "block",
      "reason": "User input in shell subprocess call"
    }
  ],
  "riskThresholds": {
    "critical": 50,
    "high": 30,
    "medium": 15,
    "low": 5
  }
}