{
  "version": "1.0.0",
  "policyName": "mcp-encoding-detection-security",
  "policy_type": "mcp",
  "description": "Detection-based approach for identifying suspicious encoding patterns and obfuscation attempts",
  "severity": "high",
  "rules": [
    {
      "id": "ENCODING_BASE64_SUSPICIOUS_001",
      "name": "Base64 Encoded Code Parameter",
      "description": "Detects base64-encoded data in code execution contexts (highly suspicious)",
      "category": "Suspicious Encoding",
      "severity": "Critical",
      "patterns": [
        "\"(code|command|exec|eval|script|shell|cmd)\"\\s*:\\s*\"[A-Za-z0-9+/]{20,}={0,2}\"",
        "'(code|command|exec|eval|script|shell|cmd)'\\s*:\\s*'[A-Za-z0-9+/]{20,}={0,2}'",
        "arguments.*\"(code|command|exec)\".*[A-Za-z0-9+/]{20,}={0,2}"
      ],
      "conditions": null
    },
    {
      "id": "ENCODING_BASE64_SUSPICIOUS_002",
      "name": "Base64 Pattern in Tool Arguments",
      "description": "Detects long base64 strings in MCP tool parameters where they shouldn't exist",
      "category": "Suspicious Encoding",
      "severity": "High",
      "patterns": [
        "params.*arguments.*[A-Za-z0-9+/]{60,}={0,2}",
        "\"input\"\\s*:\\s*\"[A-Za-z0-9+/]{60,}={0,2}\"",
        "\"data\"\\s*:\\s*\"[A-Za-z0-9+/]{60,}={0,2}\""
      ],
      "conditions": null
    },
    {
      "id": "ENCODING_HEX_SUSPICIOUS_001",
      "name": "Hex-Encoded Payload in Execution Context",
      "description": "Detects hex-encoded strings in code execution parameters",
      "category": "Suspicious Encoding",
      "severity": "Critical",
      "patterns": [
        "\"(code|command|exec|eval)\"\\s*:\\s*\"\\\\x[0-9a-fA-F]{2}",
        "\\\\x[0-9a-fA-F]{2}(\\\\x[0-9a-fA-F]{2}){10,}",
        "0x[0-9a-fA-F]{2}[,\\s]+0x[0-9a-fA-F]{2}"
      ],
      "conditions": null
    },
    {
      "id": "ENCODING_URL_EXCESSIVE_001",
      "name": "Excessive URL Encoding",
      "description": "Detects abnormal levels of URL encoding (potential evasion)",
      "category": "Suspicious Encoding",
      "severity": "High",
      "patterns": [
        "(%[0-9a-fA-F]{2}){5,}",
        "%2[eE]%2[eE]%2[fF]",
        "%252[eE]%252[eE]%252[fF]"
      ],
      "conditions": null
    },
    {
      "id": "ENCODING_NESTED_001",
      "name": "Nested Multi-Layer Encoding",
      "description": "Detects multiple encoding layers (clear evasion attempt)",
      "category": "Obfuscation",
      "severity": "Critical",
      "patterns": [
        "%[0-9a-fA-F]{2}.*[A-Za-z0-9+/]{30,}={0,2}",
        "[A-Za-z0-9+/]{30,}.*%[0-9a-fA-F]{2}",
        "\\\\x[0-9a-fA-F]{2}.*[A-Za-z0-9+/]{30,}={0,2}",
        "base64.*%[0-9a-fA-F]{2}",
        "decode.*%[0-9a-fA-F]{2}"
      ],
      "conditions": null
    },
    {
      "id": "ENCODING_UNICODE_ESCAPE_001",
      "name": "Unicode Escape Sequences",
      "description": "Detects Unicode escape sequences that could hide malicious content",
      "category": "Obfuscation",
      "severity": "Medium",
      "patterns": [
        "\\\\u[0-9a-fA-F]{4}",
        "\\\\U[0-9a-fA-F]{8}",
        "\u0026#[0-9]{2,4};",
        "\u0026#x[0-9a-fA-F]{2,4};"
      ],
      "conditions": null
    },
    {
      "id": "OBFUSCATION_STRING_CONCAT_001",
      "name": "Suspicious String Concatenation",
      "description": "Detects string concatenation patterns used to evade detection",
      "category": "Obfuscation",
      "severity": "Medium",
      "patterns": [
        "\"[a-z]{1,3}\"\\s*\\+\\s*\"[a-z]{1,3}\"\\s*\\+\\s*\"[a-z]{1,3}\"",
        "'[a-z]{1,3}'\\s*\\+\\s*'[a-z]{1,3}'\\s*\\+\\s*'[a-z]{1,3}'",
        "chr\\(\\d+\\).*chr\\(\\d+\\).*chr\\(\\d+\\)"
      ],
      "conditions": null
    },
    {
      "id": "OBFUSCATION_MIXED_ENCODING_001",
      "name": "Mixed Encoding Techniques",
      "description": "Detects combinations of different encoding methods (advanced evasion)",
      "category": "Obfuscation",
      "severity": "Critical",
      "patterns": [
        "base64.*hex",
        "decode.*encode.*decode",
        "atob.*btoa",
        "fromCharCode.*charCodeAt"
      ],
      "conditions": null
    },
    {
      "id": "BINARY_SHELLCODE_PATTERN_001",
      "name": "Binary Shellcode Pattern",
      "description": "Detects patterns consistent with binary shellcode",
      "category": "Binary Payload",
      "severity": "Critical",
      "patterns": [
        "\\\\x[0-9a-fA-F]{2}(\\\\x[0-9a-fA-F]{2}){20,}",
        "(0x[0-9a-fA-F]{2},\\s*){20,}",
        "\\\\[0-7]{3}(\\\\[0-7]{3}){10,}"
      ],
      "conditions": null
    },
    {
      "id": "ENCODING_LEGITIMATE_BYPASS_001",
      "name": "Legitimate Encoding with Suspicious Context",
      "description": "Detects legitimate encoding functions used in suspicious contexts",
      "category": "Suspicious Encoding",
      "severity": "High",
      "patterns": [
        "eval\\s*\\(.*base64",
        "exec\\s*\\(.*decode",
        "system\\s*\\(.*fromCharCode",
        "subprocess.*hex",
        "os\\.system.*b64decode"
      ],
      "conditions": null
    },
    {
      "id": "PAYLOAD_SIZE_ANOMALY_001",
      "name": "Abnormally Large Encoded Payload",
      "description": "Detects unusually large encoded payloads that may contain malicious code",
      "category": "Suspicious Encoding",
      "severity": "Medium",
      "patterns": [
        "[A-Za-z0-9+/]{500,}={0,2}",
        "(%[0-9a-fA-F]{2}){100,}",
        "(\\\\x[0-9a-fA-F]{2}){200,}"
      ],
      "conditions": null
    },
    {
      "id": "ENCODING_NULL_BYTE_INJECTION_001",
      "name": "Null Byte Encoding Detected",
      "description": "Detects encoded null bytes used for injection attacks",
      "category": "Injection",
      "severity": "High",
      "patterns": [
        "%00",
        "\\\\x00",
        "\\\\0{1,3}",
        "\\\\u0000"
      ],
      "conditions": null
    },
    {
      "id": "ENCODING_ROT13_CAESAR_001",
      "name": "ROT13/Caesar Cipher Pattern",
      "description": "Detects patterns consistent with ROT13 or Caesar cipher obfuscation",
      "category": "Obfuscation",
      "severity": "Low",
      "patterns": [
        "rot13|rotate|caesar",
        "str_rot13",
        "codecs\\.decode.*'rot'",
        "\\.decode\\(['\"]rot_13['\"]\\)"
      ],
      "conditions": null
    },
    {
      "id": "ENCODING_CUSTOM_ALPHABET_001",
      "name": "Custom Encoding Alphabet",
      "description": "Detects attempts to use custom encoding alphabets (advanced evasion)",
      "category": "Obfuscation",
      "severity": "Medium",
      "patterns": [
        "maketrans",
        "string\\.translate",
        "codecs\\.register",
        "custom.*alphabet"
      ],
      "conditions": null
    },
    {
      "id": "PAYLOAD_COMPRESSION_001",
      "name": "Compressed Payload Detected",
      "description": "Detects compressed data that could hide malicious content",
      "category": "Suspicious Encoding",
      "severity": "Medium",
      "patterns": [
        "gzip|gunzip|zlib|deflate|inflate",
        "decompress|uncompress",
        "H4sI[A-Za-z0-9+/]",
        "eJy[A-Za-z0-9+/]"
      ],
      "conditions": null
    }
  ],
  "blockedPatterns": [
    {
      "pattern": "\"(exec|eval|system|command)\"\\s*:\\s*\"[A-Za-z0-9+/]{60,}={0,2}\"",
      "severity": "Critical",
      "action": "block",
      "reason": "Base64-encoded payload in execution context - BLOCKED"
    },
    {
      "pattern": "(\\\\x[0-9a-fA-F]{2}){30,}",
      "severity": "Critical",
      "action": "block",
      "reason": "Binary shellcode pattern detected - BLOCKED"
    },
    {
      "pattern": "%[0-9a-fA-F]{2}.*[A-Za-z0-9+/]{40,}",
      "severity": "Critical",
      "action": "block",
      "reason": "Multi-layer encoding detected (URL + Base64) - BLOCKED"
    },
    {
      "pattern": "%252[eE]%252[eE]%252[fF]",
      "severity": "Critical",
      "action": "block",
      "reason": "Double URL encoding (path traversal evasion) - BLOCKED"
    }
  ],
  "riskThresholds": {
    "critical": 0,
    "high": 0,
    "medium": 0,
    "low": 0
  }
}