{
  "version": "2.0",
  "policyName": "mcp-standard-security",
  "policy_type": "mcp",
  "description": "Standard security patterns with reduced false positives for MCP servers",
  "severity": "high",
  "rules": [
    {
      "id": "MCP_DISCOVERY_001",
      "name": "MCP_DISCOVERY_001",
      "description": "Attempts to discover MCP server capabilities for reconnaissance",
      "category": "reconnaissance",
      "severity": "Low",
      "patterns": [
        "\"method\"\\s*:\\s*\"initialize\".*\"capabilities\"\\s*:\\s*\\{\\s*\\}",
        "rapid.*sequential.*tools/list.*resources/list",
        "enumerate.*all.*available.*tools.*resources"
      ],
      "conditions": null
    },
    {
      "id": "AUTHENTICATION_001",
      "name": "AUTHENTICATION_001",
      "description": "Hardcoded credentials or disabled authentication",
      "category": "authentication",
      "severity": "Medium",
      "patterns": [
        "auth\\s*=\\s*false",
        "authentication\\s*=\\s*(?:false|disabled)",
        "password\\s*=\\s*[\"'][^\"']{1,8}[\"']",
        "api_key\\s*=\\s*[\"'][^\"']{1,16}[\"']",
        "secret\\s*=\\s*[\"'](?:admin|password|123|test)[\"']"
      ],
      "conditions": null
    },
    {
      "id": "SENSITIVE_DATA_001",
      "name": "SENSITIVE_DATA_001",
      "description": "API keys, passwords, or sensitive data hardcoded in source code",
      "category": "data_access",
      "severity": "Medium",
      "patterns": [
        "(?i)api[_-]?key\\s*=\\s*[\"'][A-Za-z0-9]{20,}[\"']",
        "(?i)secret[_-]?key\\s*=\\s*[\"'][A-Za-z0-9]{20,}[\"']",
        "(?i)private[_-]?key\\s*=\\s*[\"']-----BEGIN",
        "(?i)access[_-]?token\\s*=\\s*[\"'][A-Za-z0-9]{20,}[\"']",
        "(?i)password\\s*=\\s*[\"'][^\"']{8,}[\"']"
      ],
      "conditions": null
    },
    {
      "id": "NETWORK_ACCESS_001",
      "name": "NETWORK_ACCESS_001",
      "description": "Network connections to arbitrary hosts or suspicious endpoints",
      "category": "network",
      "severity": "Medium",
      "patterns": [
        "connect\\s*\\(\\s*[^)]*\\{[^}]*host[^}]*\\}",
        "requests\\.(?:get|post)\\s*\\([^)]*f[\"'][^\"']*\\{[^}]*url[^}]*\\}",
        "urllib.*urlopen\\s*\\([^)]*\\{[^}]*\\}",
        "socket\\.connect\\s*\\([^)]*user[^)]*input"
      ],
      "conditions": null
    },
    {
      "id": "FILE_OPERATIONS_001",
      "name": "FILE_OPERATIONS_001",
      "description": "File operations with user-controlled paths",
      "category": "file_access",
      "severity": "Medium",
      "patterns": [
        "open\\s*\\([^)]*\\{[^}]*(?:filename|path|file)[^}]*\\}[^)]*[\"']w",
        "os\\.remove\\s*\\([^)]*\\{[^}]*path[^}]*\\}",
        "shutil\\.rmtree\\s*\\([^)]*\\{[^}]*dir[^}]*\\}",
        "with\\s+open\\s*\\([^)]*user[^)]*input.*[\"']w"
      ],
      "conditions": null
    },
    {
      "id": "INPUT_VALIDATION_001",
      "name": "INPUT_VALIDATION_001",
      "description": "Functions processing user input without validation",
      "category": "validation",
      "severity": "Medium",
      "patterns": [
        "def\\s+\\w+\\s*\\([^)]*user[^)]*input[^)]*\\):[^{]*",
        "def\\s+\\w+\\s*\\([^)]*\\):[^{]*request\\.[^\\s]*",
        "@mcp\\.tool\\(\\)[^{]*def[^{]*\\):[^{]*.*(?:subprocess|os\\.system)"
      ],
      "conditions": null
    },
    {
      "id": "ERROR_DISCLOSURE_001",
      "name": "ERROR_DISCLOSURE_001",
      "description": "Error messages that may disclose sensitive information",
      "category": "information_disclosure",
      "severity": "Low",
      "patterns": [
        "except[^:]*:[^\\n]*print\\s*\\([^)]*(?:password|key|token)",
        "log\\.error\\s*\\([^)]*(?:password|secret|key)",
        "raise.*Exception\\s*\\([^)]*(?:password|token|key)"
      ],
      "conditions": null
    },
    {
      "id": "RESOURCE_EXHAUSTION_001",
      "name": "RESOURCE_EXHAUSTION_001",
      "description": "Operations that could lead to resource exhaustion",
      "category": "availability",
      "severity": "Medium",
      "patterns": [
        "while\\s+True:",
        "for.*range\\s*\\([^)]*\\{[^}]*count[^}]*\\}[^)]*\\):",
        "recursion.*depth.*unlimited",
        "memory.*allocation.*user.*controlled"
      ],
      "conditions": null
    },
    {
      "id": "LOGGING_SECURITY_001",
      "name": "LOGGING_SECURITY_001",
      "description": "Logging sensitive data or insufficient security logging",
      "category": "logging",
      "severity": "Low",
      "patterns": [
        "log\\.(?:info|debug)\\s*\\([^)]*(?:password|token|key|secret)",
        "print\\s*\\([^)]*(?:password|token|key|secret)",
        "console\\.log\\s*\\([^)]*(?:password|token|key|secret)"
      ],
      "conditions": null
    },
    {
      "id": "CONFIGURATION_001",
      "name": "CONFIGURATION_001",
      "description": "Insecure default configurations or settings",
      "category": "configuration",
      "severity": "Medium",
      "patterns": [
        "debug\\s*=\\s*True",
        "ssl_verify\\s*=\\s*False",
        "verify\\s*=\\s*False",
        "check_hostname\\s*=\\s*False",
        "allow_redirects\\s*=\\s*True"
      ],
      "conditions": null
    }
  ],
  "blockedPatterns": [
    {
      "pattern": "debug\\s*=\\s*True.*production",
      "severity": "Medium",
      "action": "block",
      "reason": "User defined pattern"
    },
    {
      "pattern": "ssl_verify\\s*=\\s*False",
      "severity": "Medium",
      "action": "block",
      "reason": "User defined pattern"
    },
    {
      "pattern": "password\\s*=\\s*[\"'](?:admin|password|123)[\"']",
      "severity": "Medium",
      "action": "block",
      "reason": "User defined pattern"
    },
    {
      "pattern": "TestTESTtest111",
      "severity": "Low",
      "action": "monitor",
      "reason": "User defined patternTEST"
    }
  ],
  "riskThresholds": {
    "critical": 50,
    "high": 30,
    "medium": 15,
    "low": 5
  }
}