{
  "version": "1.0.0",
  "policyName": "mcp-advanced-polymorphic-security",
  "policy_type": "mcp",
  "description": "Advanced security policy with polymorphic and behavioral pattern detection",
  "severity": "high",
  "rules": [
    {
      "id": "BASIC_INJECTION_001",
      "name": "Basic Command Injection",
      "description": "Detects basic command injection patterns",
      "category": "injections",
      "severity": "High",
      "patterns": [
        "exec\\s*\\(",
        "system\\s*\\(",
        "os\\.system"
      ],
      "conditions": null
    },
    {
      "id": "POLYMORPHIC_command_injection_variants",
      "name": "command_injection_variants",
      "description": "Polymorphic command injection patterns that can evade basic detection",
      "category": "Advanced Injection",
      "severity": "Critical",
      "patterns": [
        "exec\\s*\\(\\s*[\"'].*[\"']",
        "system\\s*\\(\\s*[\"'].*[\"']",
        "os\\.system\\s*\\(",
        "subprocess\\.(run|call|Popen)",
        "eval\\s*\\(\\s*[\"'].*exec.*[\"']",
        "getattr\\s*\\(\\s*__builtins__.*exec",
        "compile\\s*\\(.*exec",
        "__import__\\s*\\(\\s*[\"']os[\"']",
        "eval\\s*\\(\\s*base64\\.b64decode",
        "exec\\s*\\(\\s*codecs\\.decode",
        "eval\\s*\\(\\s*bytes\\.fromhex",
        "[\"']ex[\"'].*\\+.*[\"']ec[\"']",
        "chr\\(101\\).*chr\\(120\\).*chr\\(101\\).*chr\\(99\\)",
        "\\\\x65\\\\x78\\\\x65\\\\x63"
      ],
      "conditions": null
    },
    {
      "id": "POLYMORPHIC_sql_injection_variants",
      "name": "sql_injection_variants",
      "description": "Polymorphic SQL injection patterns including obfuscated variants",
      "category": "Advanced Injection",
      "severity": "High",
      "patterns": [
        "UNION\\s+SELECT",
        "OR\\s+1\\s*=\\s*1",
        "AND\\s+1\\s*=\\s*1",
        "'\\s*OR\\s*'1'\\s*=\\s*'1",
        "UN/\\*\\*/ION\\s+SE/\\*\\*/LECT",
        "OR\\s+0x31\\s*=\\s*0x31",
        "OR\\s+CHAR\\(49\\)\\s*=\\s*CHAR\\(49\\)",
        "WAITFOR\\s+DELAY",
        "SLEEP\\s*\\(\\s*\\d+\\s*\\)",
        "pg_sleep\\s*\\(\\s*\\d+\\s*\\)",
        "CASE\\s+WHEN.*THEN.*ELSE",
        "IF\\s*\\(.*,.*,.*\\)",
        "IIF\\s*\\(.*,.*,.*\\)"
      ],
      "conditions": null
    },
    {
      "id": "POLYMORPHIC_xss_variants",
      "name": "xss_variants",
      "description": "Polymorphic XSS patterns including encoded and obfuscated variants",
      "category": "Cross-Site Scripting",
      "severity": "Medium",
      "patterns": [
        "\u003cscript.*\u003e.*\u003c/script\u003e",
        "javascript:",
        "on\\w+\\s*=\\s*[\"'].*[\"']",
        "\u003cscr\\+ipt\u003e",
        "\u003cscript/.*\u003e",
        "\u003cscript\\s+.*\u003e",
        "\u0026#x6A;\u0026#x61;\u0026#x76;\u0026#x61;\u0026#x73;\u0026#x63;\u0026#x72;\u0026#x69;\u0026#x70;\u0026#x74;",
        "on(load|error|click|mouseover)\\s*=",
        "on\\w+\\s*=\\s*alert",
        "on\\w+\\s*=\\s*confirm",
        "data:text/html.*\u003cscript",
        "data:application/javascript",
        "data:text/javascript"
      ],
      "conditions": null
    },
    {
      "id": "BEHAVIORAL_excessive_network_activity",
      "name": "excessive_network_activity",
      "description": "Detects excessive network activity patterns that may indicate malicious behavior",
      "category": "Behavioral Analysis",
      "severity": "Medium",
      "patterns": [
        "requests\\.get\\(",
        "urllib\\.request\\.urlopen\\(",
        "http\\.client\\.HTTPConnection\\(",
        "socket\\.socket\\(",
        "telnetlib\\.Telnet\\(",
        "ftplib\\.FTP\\(",
        "smtplib\\.SMTP\\("
      ],
      "conditions": null
    },
    {
      "id": "BEHAVIORAL_suspicious_file_operations",
      "name": "suspicious_file_operations",
      "description": "Detects suspicious file operation patterns",
      "category": "File System Security",
      "severity": "High",
      "patterns": [
        "open\\s*\\(\\s*[\"']/etc/",
        "open\\s*\\(\\s*[\"']/var/log/",
        "open\\s*\\(\\s*[\"']/proc/",
        "os\\.remove\\(",
        "shutil\\.rmtree\\(",
        "os\\.chmod\\(.*777",
        "os\\.chown\\("
      ],
      "conditions": null
    },
    {
      "id": "BEHAVIORAL_crypto_mining_behavior",
      "name": "crypto_mining_behavior",
      "description": "Detects potential cryptocurrency mining behavior patterns",
      "category": "Resource Abuse",
      "severity": "Medium",
      "patterns": [
        "hashlib\\.(sha256|md5|blake2b)",
        "random\\.randint\\(.*100000",
        "while\\s+True:.*hash",
        "multiprocessing\\.Pool\\(",
        "threading\\.Thread\\(.*target=.*mine",
        "gpu.*cuda",
        "opencl"
      ],
      "conditions": null
    },
    {
      "id": "BEHAVIORAL_persistence_mechanisms",
      "name": "persistence_mechanisms",
      "description": "Detects persistence mechanism patterns",
      "category": "Persistence",
      "severity": "High",
      "patterns": [
        "crontab\\s+-e",
        "/etc/rc\\.local",
        "/etc/init\\.d/",
        "systemctl\\s+enable",
        "chkconfig\\s+--add",
        "HKEY_CURRENT_USER.*Run",
        "HKEY_LOCAL_MACHINE.*Run",
        "startup\\s+folder"
      ],
      "conditions": null
    }
  ],
  "blockedPatterns": [
    {
      "pattern": "rm -rf /",
      "severity": "High",
      "action": "block",
      "reason": ""
    },
    {
      "pattern": "DROP TABLE",
      "severity": "High",
      "action": "block",
      "reason": ""
    }
  ],
  "polymorphicPatterns": [
    {
      "name": "command_injection_variants",
      "description": "Polymorphic command injection patterns that can evade basic detection",
      "severity": "Critical",
      "category": "Advanced Injection",
      "variants": [
        "exec\\s*\\(\\s*[\"'].*[\"']",
        "system\\s*\\(\\s*[\"'].*[\"']",
        "os\\.system\\s*\\(",
        "subprocess\\.(run|call|Popen)",
        "eval\\s*\\(\\s*[\"'].*exec.*[\"']",
        "getattr\\s*\\(\\s*__builtins__.*exec",
        "compile\\s*\\(.*exec",
        "__import__\\s*\\(\\s*[\"']os[\"']",
        "eval\\s*\\(\\s*base64\\.b64decode",
        "exec\\s*\\(\\s*codecs\\.decode",
        "eval\\s*\\(\\s*bytes\\.fromhex",
        "[\"']ex[\"'].*\\+.*[\"']ec[\"']",
        "chr\\(101\\).*chr\\(120\\).*chr\\(101\\).*chr\\(99\\)",
        "\\\\x65\\\\x78\\\\x65\\\\x63"
      ],
      "threshold": 2
    },
    {
      "name": "sql_injection_variants",
      "description": "Polymorphic SQL injection patterns including obfuscated variants",
      "severity": "High",
      "category": "Advanced Injection",
      "variants": [
        "UNION\\s+SELECT",
        "OR\\s+1\\s*=\\s*1",
        "AND\\s+1\\s*=\\s*1",
        "'\\s*OR\\s*'1'\\s*=\\s*'1",
        "UN/\\*\\*/ION\\s+SE/\\*\\*/LECT",
        "OR\\s+0x31\\s*=\\s*0x31",
        "OR\\s+CHAR\\(49\\)\\s*=\\s*CHAR\\(49\\)",
        "WAITFOR\\s+DELAY",
        "SLEEP\\s*\\(\\s*\\d+\\s*\\)",
        "pg_sleep\\s*\\(\\s*\\d+\\s*\\)",
        "CASE\\s+WHEN.*THEN.*ELSE",
        "IF\\s*\\(.*,.*,.*\\)",
        "IIF\\s*\\(.*,.*,.*\\)"
      ],
      "threshold": 2
    },
    {
      "name": "xss_variants",
      "description": "Polymorphic XSS patterns including encoded and obfuscated variants",
      "severity": "Medium",
      "category": "Cross-Site Scripting",
      "variants": [
        "\u003cscript.*\u003e.*\u003c/script\u003e",
        "javascript:",
        "on\\w+\\s*=\\s*[\"'].*[\"']",
        "\u003cscr\\+ipt\u003e",
        "\u003cscript/.*\u003e",
        "\u003cscript\\s+.*\u003e",
        "\u0026#x6A;\u0026#x61;\u0026#x76;\u0026#x61;\u0026#x73;\u0026#x63;\u0026#x72;\u0026#x69;\u0026#x70;\u0026#x74;",
        "on(load|error|click|mouseover)\\s*=",
        "on\\w+\\s*=\\s*alert",
        "on\\w+\\s*=\\s*confirm",
        "data:text/html.*\u003cscript",
        "data:application/javascript",
        "data:text/javascript"
      ],
      "threshold": 2
    }
  ],
  "behavioralPatterns": [
    {
      "name": "excessive_network_activity",
      "description": "Detects excessive network activity patterns that may indicate malicious behavior",
      "severity": "Medium",
      "category": "Behavioral Analysis",
      "patterns": [
        "requests\\.get\\(",
        "urllib\\.request\\.urlopen\\(",
        "http\\.client\\.HTTPConnection\\(",
        "socket\\.socket\\(",
        "telnetlib\\.Telnet\\(",
        "ftplib\\.FTP\\(",
        "smtplib\\.SMTP\\("
      ],
      "threshold": 5
    },
    {
      "name": "suspicious_file_operations",
      "description": "Detects suspicious file operation patterns",
      "severity": "High",
      "category": "File System Security",
      "patterns": [
        "open\\s*\\(\\s*[\"']/etc/",
        "open\\s*\\(\\s*[\"']/var/log/",
        "open\\s*\\(\\s*[\"']/proc/",
        "os\\.remove\\(",
        "shutil\\.rmtree\\(",
        "os\\.chmod\\(.*777",
        "os\\.chown\\("
      ],
      "threshold": 3
    },
    {
      "name": "crypto_mining_behavior",
      "description": "Detects potential cryptocurrency mining behavior patterns",
      "severity": "Medium",
      "category": "Resource Abuse",
      "patterns": [
        "hashlib\\.(sha256|md5|blake2b)",
        "random\\.randint\\(.*100000",
        "while\\s+True:.*hash",
        "multiprocessing\\.Pool\\(",
        "threading\\.Thread\\(.*target=.*mine",
        "gpu.*cuda",
        "opencl"
      ],
      "threshold": 3
    },
    {
      "name": "persistence_mechanisms",
      "description": "Detects persistence mechanism patterns",
      "severity": "High",
      "category": "Persistence",
      "patterns": [
        "crontab\\s+-e",
        "/etc/rc\\.local",
        "/etc/init\\.d/",
        "systemctl\\s+enable",
        "chkconfig\\s+--add",
        "HKEY_CURRENT_USER.*Run",
        "HKEY_LOCAL_MACHINE.*Run",
        "startup\\s+folder"
      ],
      "threshold": 2
    }
  ],
  "riskThresholds": {
    "critical": 50,
    "high": 30,
    "medium": 15,
    "low": 5
  }
}